S/NO.,ENTRYDATETIME,IU,CASHCARD,VEHICLE,CARDTYPE,AMOUNT,EXITDATETIME
0,2022-06-01 07:39:00,C13470143226,1.11E+15,,Hourly         ,$13.39 ,2022-06-01 12:46:00
1,2022-06-01 07:58:00,C13471481483,0,,Season         ,$0.00 ,2022-06-01 17:23:00
2,2022-06-01 08:09:00,C13473319492,0,,Hourly         ,$0.00 ,2022-06-01 08:10:00
4,2022-06-01 09:11:00,C13471350002,1.11E+15,,               ,$10.44 ,2022-06-01 14:38:00
5,2022-06-01 09:38:00,C13470689515,0,,Season         ,$0.00 ,2022-06-01 16:21:00
6,2022-06-01 09:40:00,C13388771413,1.11E+15,,Hourly         ,$6.65 ,2022-06-01 12:08:00
7,2022-06-01 09:52:00,C13472532988,1.11E+15,,Hourly         ,$7.32 ,2022-06-01 12:31:00
8,2022-06-01 09:57:00,C13566289054,0,,Season         ,$0.00 ,2022-06-01 19:24:00
9,2022-06-01 10:07:00,C13472146468,1.11E+15,,Hourly         ,$2.47 ,2022-06-01 11:06:00
10,2022-06-01 10:15:00,C13388101075,0,,Hourly         ,$0.00 ,2022-06-01 10:18:00
12,2022-06-01 10:23:00,C13472687211,0,,Hourly         ,$0.00 ,2022-06-01 23:19:00
13,2022-06-01 10:33:00,C13388714710,1.11E+15,,Hourly         ,$2.18 ,2022-06-01 11:21:00
14,2022-06-01 10:33:00,C13565984465,0,,Hourly         ,$0.00 ,2022-06-01 10:33:00
16,2022-06-01 11:00:00,C13565806669,1.11E+15,,               ,$2.24 ,2022-06-01 12:04:00
19,2022-06-01 11:50:00,C13470791699,1.11E+15,,Hourly         ,$19.10 ,2022-06-01 19:14:00
22,2022-06-01 12:13:00,C13471459918,0,,Hourly         ,$0.00 ,2022-06-01 12:14:00
24,2022-06-01 12:15:00,C13566516491,1.11E+15,,Hourly         ,$6.65 ,2022-06-01 14:34:00
27,2022-06-01 13:03:00,C13474709577,1.11E+15,,Hourly         ,$2.20 ,2022-06-01 13:47:00
28,2022-06-01 13:03:00,C13475258960,0,,Hourly         ,$0.00 ,2022-06-01 13:03:00
30,2022-06-01 13:16:00,C13565806429,0,,Season         ,$0.00 ,2022-06-01 16:54:00
31,2022-06-01 13:44:00,C13472262008,0,,Hourly         ,$0.00 ,2022-06-01 13:45:00
34,2022-06-01 13:52:00,C13470459060,0,,Hourly         ,$0.00 ,
36,2022-06-01 14:06:00,C13473095737,0,,Season         ,$0.00 ,2022-06-01 22:09:00
39,2022-06-01 14:41:00,C13475634806,1.11E+15,,Hourly         ,$7.20 ,2022-06-01 17:41:00
40,2022-06-01 15:00:00,C13472346099,0,,Season         ,$0.00 ,2022-06-01 15:54:00
41,2022-06-01 15:03:00,C13470143226,1.11E+15,,Hourly         ,$1.92 ,2022-06-01 15:50:00
42,2022-06-01 15:05:00,C13374300805,1.11E+15,,Hourly         ,$2.60 ,2022-06-01 16:10:00
46,2022-06-01 16:12:00,C13566610343,1.11E+15,,Hourly         ,$1.00 ,2022-06-01 16:36:00
52,2022-06-01 17:53:00,C13472346099,0,,Season         ,$0.00 ,2022-06-01 18:12:00
53,2022-06-01 18:09:00,C13472207658,0,,Hourly         ,$0.00 ,2022-06-01 18:11:00
56,2022-06-01 18:20:00,C13565986494,0,,Hourly         ,$0.00 ,2022-06-01 18:22:00
58,2022-06-01 18:22:00,C13474727090,1.11E+15,,Hourly         ,$3.00 ,2022-06-01 21:21:00
59,2022-06-01 18:54:00,C13388364698,1.11E+15,,Hourly         ,$3.00 ,2022-06-01 19:11:00
63,2022-06-01 20:20:00,C13474050591,0,,Hourly         ,$0.00 ,2022-06-01 20:20:00
65,2022-06-01 21:09:00,C13475542382,0,,Hourly         ,$0.00 ,2022-06-01 21:11:00
68,2022-06-01 21:36:00,C13471158076,0,,Hourly         ,$0.00 ,2022-06-01 21:37:00
70,2022-06-01 21:48:00,C13565986494,0,,Hourly         ,$0.00 ,2022-06-01 21:50:00
72,2022-06-01 22:02:00,C13473835597,0,,Hourly         ,$0.00 ,2022-06-01 22:04:00
76,2022-06-02 07:23:00,C13473202094,1.11E+15,,Hourly         ,$7.88 ,2022-06-02 10:39:00
77,2022-06-02 07:54:00,C13473736770,0,,Hourly         ,$0.00 ,2022-06-02 16:40:00
78,2022-06-02 08:00:00,C13565869618,0,,Hourly         ,$0.00 ,2022-06-02 08:00:00
80,2022-06-02 08:01:00,C13471481483,0,,Season         ,$0.00 ,2022-06-02 17:42:00
81,2022-06-02 08:05:00,C13472898420,0,,Hourly         ,$0.00 ,2022-06-02 08:06:00
83,2022-06-02 08:30:00,C13474388898,0,,Hourly         ,$0.00 ,2022-06-02 08:30:00
85,2022-06-02 08:40:00,C13471352735,0,,Season         ,$0.00 ,2022-06-02 11:04:00
86,2022-06-02 09:03:00,C13470689515,0,,Season         ,$0.00 ,2022-06-02 17:23:00
87,2022-06-02 10:14:00,C13566289054,0,,Season         ,$0.00 ,2022-06-02 19:52:00
90,2022-06-02 11:46:00,C13472479163,1.11E+15,,Hourly         ,$11.94 ,2022-06-02 16:10:00
91,2022-06-02 12:02:00,C13473708240,0,,Season         ,$0.00 ,2022-06-02 18:02:00
92,2022-06-02 12:06:00,C13473606997,0,,Hourly         ,$0.00 ,2022-06-02 12:07:00
94,2022-06-02 12:10:00,C13475499976,0,,Hourly         ,$0.00 ,2022-06-02 12:11:00
96,2022-06-02 12:19:00,C13474709577,1.11E+15,,Hourly         ,$1.95 ,2022-06-02 12:58:00
97,2022-06-02 12:26:00,C13473095737,0,,Season         ,$0.00 ,2022-06-02 22:15:00
98,2022-06-02 12:39:00,C13565998565,0,,Season         ,$0.00 ,2022-06-02 12:40:00
100,2022-06-02 12:46:00,C13472806326,0,,Hourly         ,$0.00 ,2022-06-02 12:47:00
102,2022-06-02 12:50:00,C13396404461,0,,Hourly         ,$0.00 ,2022-06-02 12:51:00
105,2022-06-02 13:04:00,C13472844475,0,,Hourly         ,$0.00 ,2022-06-02 13:04:00
107,2022-06-02 13:31:00,C111752345678789,1.11E+15,,Hourly         ,$14.05 ,2022-06-02 19:17:00
108,2022-06-02 13:38:00,C13471350002,1.11E+15,,               ,$9.59 ,2022-06-02 18:29:00
109,2022-06-02 13:46:00,C13475488443,0,,Hourly         ,$0.00 ,2022-06-02 13:47:00
111,2022-06-02 13:51:00,C13474052366,0,,Hourly         ,$0.00 ,2022-06-02 13:51:00
113,2022-06-02 14:05:00,C13471016620,0,,Hourly         ,$0.00 ,2022-06-02 17:53:00
114,2022-06-02 14:07:00,C13565924916,0,,Hourly         ,$0.00 ,2022-06-02 17:53:00
115,2022-06-02 14:08:00,C13475676889,0,,Hourly         ,$0.00 ,2022-06-02 17:51:00
116,2022-06-02 14:10:00,C13471574874,0,,Season         ,$0.00 ,2022-06-02 21:56:00
117,2022-06-02 14:12:00,C13470638852,0,,Hourly         ,$0.00 ,2022-06-02 14:13:00
119,2022-06-02 14:15:00,C13474578586,1.11E+15,,Hourly         ,$3.52 ,2022-06-02 15:43:00
120,2022-06-02 14:17:00,C13060397439,0,,Hourly         ,$0.00 ,2022-06-02 17:56:00
121,2022-06-02 14:20:00,C13475050260,0,,Hourly         ,$0.00 ,2022-06-02 14:25:00
123,2022-06-02 14:48:00,C13396444714,0,,Hourly         ,$0.00 ,2022-06-02 14:48:00
125,2022-06-02 14:55:00,C13472806326,0,,Hourly         ,$0.00 ,2022-06-02 14:55:00
127,2022-06-02 15:07:00,C13473811934,1.11E+15,,Hourly         ,$4.68 ,2022-06-02 17:04:00
129,2022-06-02 15:46:00,C13470143226,1.01E+15,,Hourly         ,$1.64 ,2022-06-02 16:26:00
130,2022-06-02 15:54:00,C13565998565,0,,Season         ,$0.00 ,2022-06-02 16:06:00
133,2022-06-02 16:14:00,C13473606997,0,,Hourly         ,$0.00 ,2022-06-02 16:15:00
137,2022-06-02 16:54:00,C13474430958,0,,Hourly         ,$0.00 ,2022-06-02 16:54:00
139,2022-06-02 16:59:00,C13475247205,0,,Hourly         ,$0.00 ,
142,2022-06-02 17:06:00,C13472349748,1.11E+15,,Hourly         ,$1.76 ,2022-06-02 17:50:00
152,2022-06-02 18:31:00,C13472029647,1.11E+15,,Hourly         ,$3.00 ,2022-06-02 19:05:00
153,2022-06-02 18:38:00,C13474000149,1.11E+15,,Hourly         ,$3.00 ,2022-06-02 22:14:00
154,2022-06-02 18:51:00,C13061228298,1.11E+15,,Hourly         ,$1.50 ,2022-06-02 22:44:00
155,2022-06-02 18:58:00,C13474280113,0,,Hourly         ,$0.00 ,2022-06-02 18:59:00
157,2022-06-02 18:59:00,C13566285566,1.01E+15,,Hourly         ,$3.00 ,2022-06-02 23:10:00
158,2022-06-02 19:01:00,C13470357883,1.11E+15,,Hourly         ,$3.00 ,2022-06-02 22:38:00
159,2022-06-02 19:03:00,C13565972882,1.11E+15,,Hourly         ,$3.00 ,2022-06-02 22:20:00
163,2022-06-02 21:33:00,C13471158076,0,,Hourly         ,$0.00 ,2022-06-02 21:38:00
168,2022-06-02 22:17:00,C13475542382,1.11E+15,,Hourly         ,$3.00 ,2022-06-02 22:41:00
174,2022-06-03 07:59:00,C13473736770,0,,Hourly         ,$0.00 ,2022-06-03 08:00:00
176,2022-06-03 08:00:00,C13471481483,0,,Season         ,$0.00 ,2022-06-03 17:23:00
177,2022-06-03 08:12:00,C13472898420,0,,Hourly         ,$0.00 ,2022-06-03 08:12:00
179,2022-06-03 08:17:00,C13473971819,1.11E+15,,Hourly         ,$3.80 ,2022-06-03 09:52:00
180,2022-06-03 08:20:00,C13472806326,0,,Hourly         ,$0.00 ,2022-06-03 08:21:00
182,2022-06-03 08:29:00,C13473229147,1.11E+15,,Hourly         ,$2.76 ,2022-06-03 09:38:00
183,2022-06-03 08:41:00,C13475614840,1.11E+15,,Hourly         ,$2.80 ,2022-06-03 09:50:00
184,2022-06-03 09:15:00,C13470689515,0,,Season         ,$0.00 ,2022-06-03 17:01:00
185,2022-06-03 09:25:00,C13472806326,1.11E+15,,Hourly         ,$1.56 ,2022-06-03 10:04:00
186,2022-06-03 09:29:00,C13388746614,1.11E+15,,Hourly         ,$10.24 ,2022-06-03 13:11:00
188,2022-06-03 09:47:00,C13472299874,1.11E+15,,Hourly         ,$1.00 ,2022-06-03 10:11:00
191,2022-06-03 09:52:00,C13388108895,1.11E+15,,Hourly         ,$5.77 ,2022-06-03 12:00:00
192,2022-06-03 09:54:00,C13566289054,0,,Season         ,$0.00 ,2022-06-03 19:24:00
193,2022-06-03 09:57:00,C13471507140,0,,Hourly         ,$0.00 ,2022-06-03 09:58:00
197,2022-06-03 10:15:00,C13474545337,1.11E+15,,Hourly         ,$11.40 ,2022-06-03 14:14:00
198,2022-06-03 10:23:00,C13472676275,0,,Hourly         ,$0.00 ,
200,2022-06-03 10:43:00,C13565763184,1.11E+15,,Hourly         ,$3.98 ,2022-06-03 12:05:00
201,2022-06-03 10:49:00,C13388771413,1.11E+15,,Hourly         ,$7.29 ,2022-06-03 13:16:00
202,2022-06-03 11:07:00,C13472532988,1.11E+15,,Hourly         ,$9.49 ,2022-06-03 14:20:00
203,2022-06-03 11:38:00,C13371494130,1.11E+15,,Hourly         ,$4.70 ,2022-06-03 13:12:00
206,2022-06-03 12:31:00,C13474710286,0,,Season         ,$0.00 ,2022-06-03 14:40:00
207,2022-06-03 12:36:00,C13565993101,1.11E+15,,Hourly         ,$6.08 ,2022-06-03 14:46:00
208,2022-06-03 12:49:00,C13473082081,0,,Hourly         ,$0.00 ,
213,2022-06-03 13:18:00,C13471574874,0,,Season         ,$0.00 ,2022-06-03 18:50:00
215,2022-06-03 14:18:00,C13474605165,1.01E+15,,Hourly         ,$7.64 ,2022-06-03 17:29:00
217,2022-06-03 14:24:00,C13470833553,1.11E+15,,Hourly         ,$2.16 ,2022-06-03 15:18:00
218,2022-06-03 14:24:00,C13474601064,0,,Season         ,$0.00 ,2022-06-03 15:40:00
219,2022-06-03 14:39:00,C13473095737,0,,Season         ,$0.00 ,2022-06-03 23:56:00
222,2022-06-03 15:00:00,C13388746614,1.11E+15,,Hourly         ,$0.80 ,2022-06-03 15:20:00
229,2022-06-03 17:36:00,C13473353541,1.11E+15,,Hourly         ,$3.96 ,2022-06-03 21:39:00
230,2022-06-03 17:53:00,C13470070304,1.11E+15,,Hourly         ,$3.28 ,2022-06-03 19:16:00
231,2022-06-03 18:14:00,C13472694339,0,,Hourly         ,$0.00 ,2022-06-03 18:15:00
233,2022-06-03 18:31:00,C13473429951,1.11E+15,,Hourly         ,$3.00 ,2022-06-03 20:01:00
234,2022-06-03 18:36:00,C13473318488,0,,Hourly         ,$0.00 ,2022-06-03 18:39:00
235,2022-06-03 18:38:00,C13474369158,0,,Season         ,$0.00 ,2022-06-03 20:48:00
237,2022-06-03 18:45:00,C13473505918,1.11E+15,,Hourly         ,$3.00 ,2022-06-03 20:43:00
239,2022-06-03 18:58:00,C13474000149,1.11E+15,,Hourly         ,$3.00 ,2022-06-03 21:57:00
240,2022-06-03 19:07:00,C13566285566,1.01E+15,,Hourly         ,$3.00 ,2022-06-03 21:54:00
241,2022-06-03 19:14:00,C13474416562,0,,Hourly         ,$0.00 ,2022-06-03 19:14:00
244,2022-06-03 19:22:00,C13474819069,1.11E+15,,Hourly         ,$3.00 ,2022-06-03 21:46:00
247,2022-06-03 20:02:00,C13566468700,0,,Hourly         ,$0.00 ,2022-06-03 20:02:00
249,2022-06-03 20:40:00,C13475155802,1.11E+15,,Hourly         ,$3.00 ,2022-06-03 22:45:00
252,2022-06-03 20:59:00,C13471158076,0,,Hourly         ,$0.00 ,2022-06-03 21:00:00
254,2022-06-03 21:14:00,C13469646972,0,,Hourly         ,$0.00 ,2022-06-03 21:15:00
256,2022-06-03 21:36:00,C13474881498,0,,Hourly         ,$0.00 ,2022-06-03 21:39:00
262,2022-06-03 22:19:00,C13472694339,0,,Hourly         ,$0.00 ,2022-06-03 22:19:00
264,2022-06-03 22:42:00,C13469468386,0,,Hourly         ,$0.00 ,2022-06-03 22:44:00
268,2022-06-04 06:50:00,C13472639123,0,,Hourly         ,$0.00 ,2022-06-04 06:51:00
270,2022-06-04 08:11:00,C13895984135,0,,Hourly         ,$0.00 ,2022-06-04 08:13:00
272,2022-06-04 08:15:00,C13061228298,1.11E+15,,Hourly         ,$1.50 ,2022-06-04 11:44:00
273,2022-06-04 08:15:00,C13566363833,0,,Hourly         ,$0.00 ,2022-06-04 08:16:00
275,2022-06-04 08:25:00,C13566088613,1.11E+15,,Hourly         ,$21.44 ,2022-06-04 17:20:00
276,2022-06-04 08:27:00,C13474613720,1.11E+15,,Hourly         ,$21.48 ,2022-06-04 17:23:00
277,2022-06-04 08:30:00,C13565798113,1.11E+15,,Hourly         ,$21.12 ,2022-06-04 17:17:00
278,2022-06-04 08:52:00,C13474133397,1.11E+15,,Hourly         ,$7.00 ,2022-06-04 11:47:00
279,2022-06-04 09:06:00,C13470106000,1.11E+15,,Hourly         ,$9.56 ,2022-06-04 13:05:00
280,2022-06-04 09:10:00,C13475354406,0,,Hourly         ,$0.00 ,2022-06-04 09:11:00
282,2022-06-04 09:16:00,C13472569948,1.11E+15,,Hourly         ,$19.12 ,2022-06-04 17:14:00
283,2022-06-04 09:20:00,C13471799858,0,,Hourly         ,$0.00 ,2022-06-04 09:21:00
285,2022-06-04 10:02:00,C13469764798,0,,Hourly         ,$0.00 ,2022-06-04 10:02:00
287,2022-06-04 10:24:00,C13472749468,0,,Hourly         ,$0.00 ,2022-06-04 10:25:00
289,2022-06-04 10:28:00,C13374300805,1.11E+15,,Hourly         ,$3.72 ,2022-06-04 12:00:00
290,2022-06-04 10:37:00,C13473511066,0,,Hourly         ,$0.00 ,2022-06-04 10:37:00
291,2022-06-04 10:37:00,C13474386977,0,,Hourly         ,$0.00 ,2022-06-04 10:37:00
294,2022-06-04 10:53:00,C13566262722,1.11E+15,,Hourly         ,$15.24 ,2022-06-04 17:14:00
298,2022-06-04 12:05:00,C13566285566,0,,Hourly         ,$0.00 ,2022-06-04 12:06:00
301,2022-06-04 13:18:00,C13566327813,0,,Hourly         ,$0.00 ,2022-06-04 13:18:00
303,2022-06-04 13:29:00,C13471919533,1.11E+15,,Hourly         ,$0.80 ,2022-06-04 13:48:00
305,2022-06-04 13:48:00,C13566363083,0,,Hourly         ,$0.00 ,2022-06-04 13:49:00
307,2022-06-04 13:49:00,C13475094464,1.11E+15,,Hourly         ,$0.56 ,2022-06-04 14:03:00
308,2022-06-04 13:59:00,C13470106000,1.11E+15,,Hourly         ,$7.92 ,2022-06-04 17:16:00
309,2022-06-04 14:02:00,C13473612392,0,,Hourly         ,$0.00 ,2022-06-04 14:03:00
312,2022-06-04 14:08:00,C13471960313,0,,Hourly         ,$0.00 ,2022-06-04 14:09:00
313,2022-06-04 14:08:00,C13472441280,0,,Hourly         ,$0.00 ,2022-06-04 14:09:00
316,2022-06-04 14:49:00,C13471410450,1.11E+15,,Hourly         ,$5.92 ,2022-06-04 17:17:00
317,2022-06-04 15:08:00,C13388956437,1.11E+15,,Hourly         ,$2.20 ,2022-06-04 16:02:00
319,2022-06-04 16:08:00,C13472952309,0,,Hourly         ,$0.00 ,2022-06-04 16:11:00
321,2022-06-04 16:57:00,C13388399445,1.11E+15,,Hourly         ,$0.80 ,2022-06-04 17:17:00
330,2022-06-04 18:46:00,C13473720888,1.11E+15,,Hourly         ,$3.00 ,2022-06-04 22:38:00
331,2022-06-04 18:53:00,C13472236532,0,,Hourly         ,$0.00 ,2022-06-04 18:54:00
333,2022-06-04 20:06:00,C13473874546,1.11E+15,,Hourly         ,$3.00 ,2022-06-04 22:26:00
336,2022-06-04 23:13:00,C13474065187,0,,Hourly         ,$0.00 ,2022-06-04 23:14:00
338,2022-06-04 23:16:00,C13473314856,0,,Hourly         ,$0.00 ,2022-06-04 23:17:00
339,2022-06-04 23:17:00,C13565948257,0,,Hourly         ,$0.00 ,2022-06-04 23:17:00
341,2022-06-04 23:17:00,C13471725311,0,,Hourly         ,$0.00 ,2022-06-04 23:17:00
344,2022-06-05 07:39:00,C13473405094,1.11E+15,,Hourly         ,$3.40 ,2022-06-05 09:03:00
346,2022-06-05 09:06:00,C13473639197,1.11E+15,,Hourly         ,$4.60 ,2022-06-05 11:00:00
347,2022-06-05 09:14:00,C13469405213,1.11E+15,,Hourly         ,$4.32 ,2022-06-05 11:02:00
348,2022-06-05 09:14:00,C13474492247,1.11E+15,,Hourly         ,$4.32 ,2022-06-05 11:02:00
349,2022-06-05 09:16:00,C13472320359,1.11E+15,,Hourly         ,$4.16 ,2022-06-05 10:59:00
350,2022-06-05 09:18:00,C13474927253,1.11E+15,,Hourly         ,$3.92 ,2022-06-05 10:56:00
351,2022-06-05 09:22:00,C13473652480,1.11E+15,,Hourly         ,$4.00 ,2022-06-05 11:01:00
352,2022-06-05 09:27:00,C13475166380,1.11E+15,,Hourly         ,$4.20 ,2022-06-05 11:11:00
353,2022-06-05 09:29:00,C13474310243,1.11E+15,,Hourly         ,$3.60 ,2022-06-05 10:59:00
354,2022-06-05 09:37:00,C13475242023,1.11E+15,,Hourly         ,$7.68 ,2022-06-05 12:48:00
355,2022-06-05 09:42:00,C13474942582,1.11E+15,,Hourly         ,$3.24 ,2022-06-05 11:03:00
356,2022-06-05 09:46:00,C13472348270,                ,,Hourly         ,$15.00 ,2022-06-05 16:01:00
357,2022-06-05 10:22:00,C13475632448,0,,Hourly         ,$0.00 ,2022-06-05 10:22:00
359,2022-06-05 10:46:00,C13472354540,0,,Hourly         ,$0.00 ,2022-06-05 10:46:00
361,2022-06-05 10:56:00,C13474372259,0,,Hourly         ,$0.00 ,2022-06-05 10:56:00
364,2022-06-05 10:58:00,C13472664113,0,,Hourly         ,$0.00 ,2022-06-05 10:59:00
374,2022-06-05 11:25:00,C13475218446,0,,Hourly         ,$0.00 ,2022-06-05 11:26:00
376,2022-06-05 12:06:00,C13469375440,0,,Hourly         ,$0.00 ,2022-06-05 12:06:00
378,2022-06-05 12:42:00,C13474400959,1.11E+15,,Hourly         ,$10.60 ,2022-06-05 17:06:00
379,2022-06-05 12:42:00,C13471774540,1.11E+15,,Hourly         ,$10.60 ,2022-06-05 17:06:00
381,2022-06-05 13:11:00,C13472299874,0,,Hourly         ,$0.00 ,2022-06-05 13:16:00
383,2022-06-05 13:21:00,C13472073710,0,,Hourly         ,$0.00 ,
385,2022-06-05 13:34:00,C13388746614,1.11E+15,,Hourly         ,$13.64 ,2022-06-05 19:08:00
386,2022-06-05 13:48:00,C13472299874,0,,Hourly         ,$0.00 ,2022-06-05 13:49:00
388,2022-06-05 14:19:00,C13475190171,0,,Hourly         ,$0.00 ,2022-06-05 14:20:00
390,2022-06-05 14:42:00,C13566079611,0,,Hourly         ,$0.00 ,2022-06-05 14:43:00
392,2022-06-05 14:51:00,C13566013670,1.11E+15,,Hourly         ,$1.32 ,2022-06-05 15:24:00
394,2022-06-05 15:51:00,C13388954374,1.11E+15,,Hourly         ,$2.08 ,2022-06-05 16:43:00
397,2022-06-05 16:47:00,C13565698636,0,,Hourly         ,$0.00 ,2022-06-05 16:48:00
401,2022-06-05 17:09:00,C13566112339,1.11E+15,,               ,$3.53 ,2022-06-05 22:13:00
402,2022-06-05 17:48:00,C13471574874,0,,Season         ,$0.00 ,2022-06-05 19:30:00
403,2022-06-05 18:01:00,C13388954374,1.11E+15,,Hourly         ,$3.00 ,2022-06-05 19:42:00
404,2022-06-05 18:07:00,C13565716876,0,,Hourly         ,$0.00 ,2022-06-05 18:09:00
406,2022-06-05 18:22:00,C13373739409,0,,Hourly         ,$0.00 ,2022-06-05 18:23:00
411,2022-06-05 20:12:00,C13566408467,0,,Hourly         ,$0.00 ,2022-06-05 20:12:00
413,2022-06-05 20:29:00,C13472354540,0,,Hourly         ,$0.00 ,2022-06-05 20:30:00
415,2022-06-05 21:12:00,C13471158076,0,,Hourly         ,$0.00 ,2022-06-05 21:13:00
418,2022-06-06 07:09:00,C13388954374,0,,Hourly         ,$0.00 ,2022-06-06 07:17:00
420,2022-06-06 07:24:00,C13388746614,1.11E+15,,Hourly         ,$30.24 ,2022-06-06 19:02:00
421,2022-06-06 07:28:00,C13474773489,1.11E+15,,Hourly         ,$20.28 ,2022-06-06 15:09:00
422,2022-06-06 07:50:00,C13471481483,0,,Season         ,$0.00 ,2022-06-06 10:01:00
423,2022-06-06 08:03:00,C13475043687,1.00E+15,,Hourly         ,$4.76 ,2022-06-06 10:02:00
424,2022-06-06 08:03:00,C13472382886,0,,Hourly         ,$0.00 ,2022-06-06 08:04:00
426,2022-06-06 08:09:00,C13475384591,1.11E+15,,Hourly         ,$1.28 ,2022-06-06 08:41:00
427,2022-06-06 08:14:00,C13472850357,0,,Hourly         ,$0.00 ,2022-06-06 08:15:00
429,2022-06-06 08:18:00,C13472839887,0,,Season         ,$0.00 ,2022-06-06 10:19:00
430,2022-06-06 08:24:00,C13473906091,0,,Hourly         ,$0.00 ,2022-06-06 10:03:00
431,2022-06-06 08:27:00,C13470650172,0,,Season         ,$0.00 ,2022-06-06 08:28:00
433,2022-06-06 08:31:00,C13565772159,0,,Hourly         ,$0.00 ,2022-06-06 08:33:00
436,2022-06-06 08:37:00,C13475325233,0,,Hourly         ,$0.00 ,2022-06-06 08:38:00
435,2022-06-06 08:37:00,C13473886836,1.11E+15,,Hourly         ,$22.36 ,2022-06-06 17:10:00
438,2022-06-06 08:39:00,C13471574874,0,,Season         ,$0.00 ,2022-06-06 17:14:00
440,2022-06-06 08:44:00,C13475434983,0,,Hourly         ,$0.00 ,2022-06-06 08:45:00
442,2022-06-06 08:51:00,C13472693794,0,,Season         ,$0.00 ,2022-06-06 16:59:00
443,2022-06-06 08:56:00,C13470875323,0,,Hourly         ,$0.00 ,2022-06-06 12:44:00
444,2022-06-06 09:08:00,C13470650172,0,,Season         ,$0.00 ,2022-06-06 09:27:00
446,2022-06-06 09:39:00,C13566289054,0,,Season         ,$0.00 ,2022-06-06 18:29:00
447,2022-06-06 09:42:00,C13470689515,0,,Season         ,$0.00 ,2022-06-06 15:51:00
448,2022-06-06 10:00:00,C13472687211,0,,Hourly         ,$0.00 ,2022-06-06 19:41:00
450,2022-06-06 10:01:00,C13388874051,1.11E+15,,Hourly         ,$23.96 ,2022-06-06 18:07:00
453,2022-06-06 10:08:00,C13473119140,0,,Hourly         ,$0.00 ,2022-06-06 10:09:00
455,2022-06-06 10:11:00,C13388065502,1.01E+15,,Hourly         ,$0.44 ,2022-06-06 10:21:00
457,2022-06-06 10:20:00,C13472864481,1.11E+15,,Hourly         ,$7.30 ,2022-06-06 12:53:00
459,2022-06-06 10:34:00,C13473355175,0,,Hourly         ,$0.00 ,2022-06-06 10:34:00
461,2022-06-06 10:57:00,C13389077801,1.11E+15,,Hourly         ,$3.62 ,2022-06-06 12:09:00
462,2022-06-06 11:44:00,C13473095737,0,,Season         ,$0.00 ,2022-06-06 22:22:00
463,2022-06-06 11:46:00,C13473609695,0,,Hourly         ,$0.00 ,2022-06-06 15:15:00
464,2022-06-06 11:51:00,C13471950231,0,,Hourly         ,$0.00 ,2022-06-06 11:51:00
466,2022-06-06 11:52:00,C13469855803,0,,Hourly         ,$0.00 ,2022-06-06 11:53:00
468,2022-06-06 12:04:00,C13388172967,0,,Hourly         ,$0.00 ,2022-06-06 12:12:00
473,2022-06-06 13:03:00,C13470902621,0,,Hourly         ,$0.00 ,2022-06-06 13:04:00
475,2022-06-06 13:08:00,C13565985966,0,,Hourly         ,$0.00 ,2022-06-06 13:17:00
477,2022-06-06 13:17:00,C13388874059,1.11E+15,,Hourly         ,$1.55 ,2022-06-06 13:48:00
482,2022-06-06 15:56:00,C13371552021,1.11E+15,,Hourly         ,$0.88 ,2022-06-06 16:18:00
483,2022-06-06 16:09:00,C13472532988,1.11E+15,,Hourly         ,$7.44 ,2022-06-06 18:17:00
486,2022-06-06 17:01:00,C13475443191,1.11E+15,,Hourly         ,$5.36 ,2022-06-06 19:16:00
489,2022-06-06 17:30:00,C13474152504,0,,Hourly         ,$0.00 ,
491,2022-06-06 17:33:00,C13472839887,0,,Season         ,$0.00 ,2022-06-06 18:25:00
492,2022-06-06 18:01:00,C13473134412,1.11E+15,,Hourly         ,$3.00 ,2022-06-06 21:01:00
497,2022-06-06 18:45:00,C13475597385,1.11E+15,,Hourly         ,$3.00 ,2022-06-06 21:52:00
498,2022-06-06 18:55:00,C13475515420,1.11E+15,,Hourly         ,$3.00 ,2022-06-06 21:50:00
499,2022-06-06 18:57:00,C13566285566,1.01E+15,,Hourly         ,$3.00 ,2022-06-06 22:00:00
501,2022-06-06 19:07:00,C13473069684,0,,Hourly         ,$0.00 ,2022-06-06 19:07:00
503,2022-06-06 19:09:00,C13473508195,0,,Hourly         ,$0.00 ,2022-06-06 19:13:00
506,2022-06-06 19:19:00,C13473343576,0,,Hourly         ,$0.00 ,
509,2022-06-06 20:45:00,C13471132038,0,,Hourly         ,$0.00 ,2022-06-06 20:47:00
516,2022-06-07 07:11:00,C13388954374,1.11E+15,,Hourly         ,$0.48 ,2022-06-07 07:22:00
518,2022-06-07 07:24:00,C13388746614,1.11E+15,,Hourly         ,$11.04 ,2022-06-07 11:47:00
519,2022-06-07 07:32:00,C13472695957,1.11E+15,,Hourly         ,$24.64 ,2022-06-07 17:02:00
520,2022-06-07 08:18:00,C13474368656,1.11E+15,,Hourly         ,$22.88 ,2022-06-07 17:04:00
521,2022-06-07 08:52:00,C13396382037,0,,Hourly         ,$0.00 ,2022-06-07 08:53:00
523,2022-06-07 08:56:00,C13472693794,0,,Season         ,$0.00 ,2022-06-07 16:49:00
524,2022-06-07 09:16:00,C13470689515,0,,Season         ,$0.00 ,2022-06-07 17:25:00
525,2022-06-07 09:22:00,C13472821934,0,,Hourly         ,$0.00 ,2022-06-07 09:22:00
527,2022-06-07 09:23:00,C13472687211,0,,Hourly         ,$0.00 ,2022-06-07 19:17:00
528,2022-06-07 09:53:00,C13566289054,0,,Season         ,$0.00 ,2022-06-07 19:42:00
529,2022-06-07 09:55:00,C13388874051,1.11E+15,,Hourly         ,$12.72 ,2022-06-07 14:27:00
530,2022-06-07 10:22:00,C13388628631,1.11E+15,,Hourly         ,$15.28 ,2022-06-07 15:58:00
531,2022-06-07 11:26:00,C13472532988,1.11E+15,,Hourly         ,$5.50 ,2022-06-07 13:15:00
532,2022-06-07 11:29:00,C13471157268,0,,Hourly         ,$0.00 ,2022-06-07 11:31:00
533,2022-06-07 11:31:00,C13472864481,1.11E+15,,Hourly         ,$4.60 ,2022-06-07 13:02:00
536,2022-06-07 11:58:00,C13473247231,0,,Hourly         ,$0.00 ,2022-06-07 11:59:00
539,2022-06-07 13:13:00,C13473095737,0,,Season         ,$0.00 ,2022-06-07 22:18:00
541,2022-06-07 13:38:00,C13066792062,1.11E+15,,Hourly         ,$1.50 ,2022-06-07 15:43:00
542,2022-06-07 13:49:00,C13388894980,0,,Hourly         ,$0.00 ,2022-06-07 13:50:00
544,2022-06-07 13:57:00,C13388746614,1.11E+15,,Hourly         ,$2.83 ,2022-06-07 15:06:00
545,2022-06-07 14:15:00,C13895986545,0,,Hourly         ,$0.00 ,2022-06-07 14:17:00
549,2022-06-07 15:09:00,C13473736770,1.11E+15,,Hourly         ,$9.84 ,2022-06-07 19:18:00
552,2022-06-07 16:30:00,C13388874051,1.11E+15,,Hourly         ,$0.64 ,2022-06-07 16:46:00
560,2022-06-07 19:27:00,C13388874051,0,,Hourly         ,$0.00 ,2022-06-07 19:36:00
564,2022-06-08 07:32:00,C13472695957,1.11E+15,,Hourly         ,$20.08 ,2022-06-08 15:08:00
565,2022-06-08 07:44:00,C13470877311,1.11E+15,,Hourly         ,$25.16 ,2022-06-08 17:27:00
566,2022-06-08 07:59:00,C13475096303,0,,Hourly         ,$0.00 ,2022-06-08 08:00:00
568,2022-06-08 08:02:00,C13565772458,0,,Hourly         ,$0.00 ,2022-06-08 08:03:00
570,2022-06-08 08:21:00,C13474368656,1.11E+15,,Hourly         ,$23.80 ,2022-06-08 17:30:00
571,2022-06-08 08:26:00,C13471481483,0,,Season         ,$0.00 ,2022-06-08 09:27:00
572,2022-06-08 08:34:00,C13388871609,1.00E+15,,Hourly         ,$6.19 ,2022-06-08 11:06:00
573,2022-06-08 08:46:00,C13565800506,1.11E+15,,Hourly         ,$20.96 ,2022-06-08 16:44:00
575,2022-06-08 09:03:00,C13472532988,1.11E+15,,Hourly         ,$3.92 ,2022-06-08 10:40:00
576,2022-06-08 09:03:00,C13471350002,1.11E+15,,               ,$9.86 ,2022-06-08 14:09:00
574,2022-06-08 09:03:00,C13472687211,0,,Hourly         ,$0.00 ,2022-06-08 18:29:00
577,2022-06-08 09:20:00,C13472029859,1.11E+15,,Hourly         ,$19.80 ,2022-06-08 16:49:00
578,2022-06-08 09:21:00,C13388802828,1.11E+15,,Hourly         ,$9.26 ,2022-06-08 12:45:00
580,2022-06-08 09:28:00,C13473017775,0,,Hourly         ,$0.00 ,2022-06-08 09:29:00
582,2022-06-08 09:29:00,C13470689515,0,,Season         ,$0.00 ,2022-06-08 16:35:00
583,2022-06-08 09:40:00,C13388101075,0,,Hourly         ,$0.00 ,2022-06-08 09:47:00
584,2022-06-08 09:44:00,C13566289054,0,,Season         ,$0.00 ,2022-06-08 17:48:00
586,2022-06-08 10:00:00,C13388628631,1.11E+15,,Hourly         ,$3.40 ,2022-06-08 11:19:00
587,2022-06-08 10:08:00,C13388716047,0,,Hourly         ,$0.00 ,2022-06-08 10:09:00
589,2022-06-08 10:18:00,C13388710692,0,,Hourly         ,$0.00 ,2022-06-08 10:23:00
591,2022-06-08 10:26:00,C13388746614,1.11E+15,,Hourly         ,$15.24 ,2022-06-08 16:01:00
592,2022-06-08 10:34:00,C13374300805,1.11E+15,,Hourly         ,$9.39 ,2022-06-08 13:46:00
594,2022-06-08 10:59:00,C13474802619,0,,Hourly         ,$0.00 ,2022-06-08 11:00:00
595,2022-06-08 11:00:00,C13396519110,0,,Hourly         ,$0.00 ,2022-06-08 11:00:00
600,2022-06-08 11:54:00,C13470734594,1.11E+15,,Hourly         ,$5.55 ,2022-06-08 13:44:00
601,2022-06-08 12:35:00,C13566487261,1.11E+15,,               ,$7.52 ,2022-06-08 16:41:00
603,2022-06-08 12:47:00,C13566246956,0,,Hourly         ,$0.00 ,2022-06-08 12:47:00
605,2022-06-08 13:24:00,C13474399012,0,,Hourly         ,$0.00 ,2022-06-08 13:26:00
607,2022-06-08 13:28:00,C13473020982,0,,Hourly         ,$0.00 ,2022-06-08 13:29:00
609,2022-06-08 13:42:00,C13388802828,1.11E+15,,Hourly         ,$9.06 ,2022-06-08 17:23:00
612,2022-06-08 13:54:00,C13473095737,0,,Season         ,$0.00 ,2022-06-08 17:47:00
613,2022-06-08 14:03:00,C13388871609,1.00E+15,,Hourly         ,$1.08 ,2022-06-08 14:30:00
615,2022-06-08 14:19:00,C13474787926,1.11E+15,,Hourly         ,$3.80 ,2022-06-08 15:53:00
617,2022-06-08 14:53:00,C13565806429,1.11E+15,,Hourly         ,$2.12 ,2022-06-08 15:46:00
618,2022-06-08 15:06:00,C13469597365,1.11E+15,,Hourly         ,$0.60 ,2022-06-08 15:21:00
620,2022-06-08 15:11:00,C13389058043,1.11E+15,,Hourly         ,$3.32 ,2022-06-08 16:33:00
622,2022-06-08 15:34:00,C13388802844,1.11E+15,,Hourly         ,$4.36 ,2022-06-08 17:23:00
624,2022-06-08 15:48:00,C13374743113,1.11E+15,,Hourly         ,$4.20 ,2022-06-08 17:32:00
632,2022-06-08 16:58:00,C13566112339,1.11E+15,,               ,$3.84 ,2022-06-08 22:01:00
638,2022-06-08 17:32:00,C13469092365,0,,Hourly         ,$0.00 ,2022-06-08 17:33:00
640,2022-06-08 17:39:00,C13474793594,1.11E+15,,Hourly         ,$3.84 ,2022-06-08 21:49:00
643,2022-06-08 18:18:00,C13566177343,1.11E+15,,Hourly         ,$3.00 ,2022-06-08 21:42:00
644,2022-06-08 18:20:00,C13470238605,1.11E+15,,Hourly         ,$3.00 ,2022-06-08 21:45:00
646,2022-06-08 18:34:00,C13565986494,1.11E+15,,Hourly         ,$3.00 ,2022-06-08 21:51:00
647,2022-06-08 18:39:00,C13475083243,1.11E+15,,Hourly         ,$3.00 ,2022-06-08 21:43:00
648,2022-06-08 18:41:00,C13475367069,0,,Hourly         ,$0.00 ,2022-06-08 18:42:00
650,2022-06-08 18:56:00,C13388804371,1.11E+15,,Hourly         ,$3.00 ,2022-06-08 22:29:00
651,2022-06-08 19:24:00,C13472349748,1.11E+15,,Hourly         ,$3.00 ,2022-06-08 21:52:00
652,2022-06-08 19:25:00,C13474940453,0,,Hourly         ,$0.00 ,2022-06-08 19:25:00
654,2022-06-08 19:40:00,C13388632301,1.11E+15,,Hourly         ,$3.00 ,2022-06-08 21:56:00
655,2022-06-08 19:46:00,C13475306514,1.11E+15,,Hourly         ,$3.00 ,2022-06-08 21:52:00
666,2022-06-09 07:38:00,C13475384591,1.11E+15,,Hourly         ,$24.80 ,2022-06-09 17:12:00
667,2022-06-09 08:21:00,C13388871609,1.00E+15,,Hourly         ,$3.14 ,2022-06-09 11:25:00
668,2022-06-09 08:37:00,C13474917814,0,,Hourly         ,$0.00 ,2022-06-09 08:38:00
670,2022-06-09 08:52:00,C13470262339,1.11E+15,,Hourly         ,$21.76 ,2022-06-09 17:10:00
671,2022-06-09 08:52:00,C13472029859,1.11E+15,,Hourly         ,$21.48 ,2022-06-09 17:03:00
672,2022-06-09 08:53:00,C13388802828,1.11E+15,,Hourly         ,$13.38 ,2022-06-09 13:45:00
673,2022-06-09 08:57:00,C13470689515,0,,Season         ,$0.00 ,2022-06-09 10:50:00
674,2022-06-09 08:57:00,C13565800506,1.11E+15,,Hourly         ,$20.96 ,2022-06-09 16:55:00
675,2022-06-09 09:00:00,C13473050947,0,,Hourly         ,$0.00 ,2022-06-09 09:01:00
677,2022-06-09 09:25:00,C13472687211,0,,Hourly         ,$0.00 ,2022-06-09 19:42:00
678,2022-06-09 09:26:00,C13472789751,1.11E+15,,Hourly         ,$20.32 ,2022-06-09 17:08:00
679,2022-06-09 09:27:00,C13473886836,1.11E+15,,Hourly         ,$20.48 ,2022-06-09 17:13:00
680,2022-06-09 09:37:00,C13566289054,0,,Season         ,$0.00 ,2022-06-09 18:59:00
681,2022-06-09 09:43:00,C13388305411,1.11E+15,,Hourly         ,$4.53 ,2022-06-09 11:28:00
682,2022-06-09 09:48:00,C13372414725,1.11E+15,,Hourly         ,$3.38 ,2022-06-09 11:09:00
683,2022-06-09 09:48:00,C13475278932,1.11E+15,,Hourly         ,$3.38 ,2022-06-09 11:09:00
684,2022-06-09 09:54:00,C13473960668,1.11E+15,,Hourly         ,$3.14 ,2022-06-09 11:09:00
685,2022-06-09 09:54:00,C13473408700,1.11E+15,,Hourly         ,$5.29 ,2022-06-09 11:52:00
686,2022-06-09 10:13:00,C13388942147,0,,Hourly         ,$0.00 ,2022-06-09 10:13:00
688,2022-06-09 10:14:00,C13388871609,1.00E+15,,Hourly         ,$3.14 ,2022-06-09 11:25:00
689,2022-06-09 10:27:00,C13388942147,1.11E+15,,Hourly         ,$9.07 ,2022-06-09 13:34:00
691,2022-06-09 10:59:00,C13475069953,0,,Hourly         ,$0.00 ,2022-06-09 11:02:00
696,2022-06-09 11:13:00,C13474709577,0,,Hourly         ,$0.00 ,2022-06-09 11:22:00
701,2022-06-09 12:14:00,C13473693762,0,,Hourly         ,$0.00 ,2022-06-09 12:14:00
702,2022-06-09 12:14:00,C13469468386,0,,Hourly         ,$0.00 ,2022-06-09 12:15:00
706,2022-06-09 13:34:00,C13470689515,0,,Season         ,$0.00 ,2022-06-09 16:33:00
707,2022-06-09 13:38:00,C13565773018,0,,Hourly         ,$0.00 ,2022-06-09 13:38:00
710,2022-06-09 14:01:00,C13472839887,0,,Season         ,$0.00 ,2022-06-09 16:07:00
711,2022-06-09 14:02:00,C13473095737,0,,Season         ,$0.00 ,2022-06-09 23:19:00
712,2022-06-09 14:04:00,C13388871609,1.00E+15,,Hourly         ,$1.64 ,2022-06-09 14:44:00
713,2022-06-09 14:04:00,C13374300805,1.11E+15,,Hourly         ,$6.56 ,2022-06-09 16:48:00
714,2022-06-09 14:22:00,C13566072733,1.11E+15,,Hourly         ,$11.72 ,2022-06-09 20:26:00
715,2022-06-09 14:28:00,C13471574874,0,,Season         ,$0.00 ,2022-06-09 19:09:00
718,2022-06-09 16:24:00,C13470650172,0,,Season         ,$0.00 ,2022-06-09 16:47:00
720,2022-06-09 16:42:00,C13471545825,1.11E+15,,Hourly         ,$0.68 ,2022-06-09 16:59:00
730,2022-06-09 17:52:00,C13471538119,1.11E+15,,Hourly         ,$3.32 ,2022-06-09 22:16:00
731,2022-06-09 18:10:00,C13470357883,1.11E+15,,Hourly         ,$3.00 ,2022-06-09 22:47:00
732,2022-06-09 18:36:00,C13565972882,1.11E+15,,Hourly         ,$3.00 ,2022-06-09 22:14:00
733,2022-06-09 18:53:00,C13061228298,1.11E+15,,Hourly         ,$1.50 ,2022-06-09 22:49:00
734,2022-06-09 18:54:00,C13566285566,1.01E+15,,Hourly         ,$3.00 ,2022-06-09 23:01:00
735,2022-06-09 18:57:00,C13469036654,1.11E+15,,Hourly         ,$3.00 ,2022-06-09 22:48:00
737,2022-06-09 19:03:00,C13473727604,0,,Hourly         ,$0.00 ,2022-06-09 19:04:00
739,2022-06-09 19:06:00,C13474808544,1.11E+15,,Hourly         ,$3.00 ,2022-06-09 19:27:00
742,2022-06-09 19:34:00,C13473545279,1.11E+15,,Hourly         ,$3.00 ,2022-06-09 22:27:00
744,2022-06-09 19:47:00,C13474452483,0,,Hourly         ,$0.00 ,2022-06-09 19:48:00
747,2022-06-09 20:35:00,C13388982769,1.11E+15,,Hourly         ,$3.00 ,2022-06-09 21:54:00
748,2022-06-09 21:27:00,C13471158076,0,,Hourly         ,$0.00 ,2022-06-09 21:28:00
759,2022-06-10 06:14:00,C13469283758,0,,Hourly         ,$0.00 ,2022-06-10 06:15:00
761,2022-06-10 07:40:00,C13472574659,0,,Hourly         ,$0.00 ,2022-06-10 07:40:00
763,2022-06-10 07:45:00,C13388746614,0,,Hourly         ,$0.00 ,2022-06-10 20:14:00
764,2022-06-10 08:06:00,C13472281022,1.11E+15,,Hourly         ,$22.68 ,2022-06-10 16:47:00
765,2022-06-10 08:13:00,C13475384591,1.11E+15,,Hourly         ,$23.64 ,2022-06-10 17:18:00
766,2022-06-10 08:39:00,C13473886836,1.11E+15,,Hourly         ,$10.59 ,2022-06-10 12:38:00
767,2022-06-10 08:53:00,C13470262339,1.11E+15,,Hourly         ,$22.76 ,2022-06-10 17:36:00
768,2022-06-10 08:56:00,C13469170585,0,,Hourly         ,$0.00 ,2022-06-10 18:35:00
769,2022-06-10 09:01:00,C13388871609,1.00E+15,,Hourly         ,$6.06 ,2022-06-10 11:25:00
770,2022-06-10 09:07:00,C13470689515,0,,Season         ,$0.00 ,2022-06-10 10:26:00
771,2022-06-10 09:16:00,C13472532988,1.11E+15,,Hourly         ,$2.28 ,2022-06-10 10:13:00
772,2022-06-10 09:24:00,C13472789751,1.11E+15,,Hourly         ,$20.88 ,2022-06-10 17:20:00
773,2022-06-10 09:38:00,C13471574874,0,,Season         ,$0.00 ,2022-06-10 16:52:00
774,2022-06-10 09:48:00,C13472687211,0,,Hourly         ,$0.00 ,2022-06-10 18:23:00
775,2022-06-10 09:51:00,C13565806429,1.11E+15,,Hourly         ,$13.00 ,2022-06-10 14:30:00
776,2022-06-10 09:57:00,C13472456601,0,,Hourly         ,$0.00 ,2022-06-10 09:59:00
779,2022-06-10 10:16:00,C13388793597,1.00E+15,,Hourly         ,$0.72 ,2022-06-10 10:33:00
780,2022-06-10 10:23:00,C13566045623,1.11E+15,,Hourly         ,$14.00 ,2022-06-10 15:27:00
783,2022-06-10 10:35:00,C13473609695,0,,Hourly         ,$0.00 ,2022-06-10 19:46:00
784,2022-06-10 10:36:00,C13470689515,0,,Season         ,$0.00 ,2022-06-10 11:49:00
785,2022-06-10 11:17:00,C13475332618,0,,Hourly         ,$0.00 ,
787,2022-06-10 11:19:00,C13474710286,0,,Season         ,$0.00 ,2022-06-10 12:53:00
789,2022-06-10 11:26:00,C13396427924,0,,Hourly         ,$0.00 ,2022-06-10 11:27:00
791,2022-06-10 11:43:00,C13473966137,1.11E+15,,Hourly         ,$8.01 ,2022-06-10 14:28:00
793,2022-06-10 12:03:00,C13566330981,1.11E+15,,Hourly         ,$0.80 ,2022-06-10 12:19:00
794,2022-06-10 12:15:00,C13388671276,0,,Hourly         ,$0.00 ,2022-06-10 12:24:00
795,2022-06-10 12:17:00,C13473715847,1.11E+15,,Hourly         ,$14.23 ,2022-06-10 17:46:00
798,2022-06-10 12:28:00,C13472776503,0,,Hourly         ,$0.00 ,2022-06-10 12:29:00
801,2022-06-10 12:49:00,C13473248750,0,,Hourly         ,$0.00 ,2022-06-10 12:50:00
803,2022-06-10 12:52:00,C13565722172,0,,Hourly         ,$0.00 ,2022-06-10 18:24:00
805,2022-06-10 13:17:00,C13374300805,1.11E+15,,Hourly         ,$8.63 ,2022-06-10 16:41:00
806,2022-06-10 13:21:00,C13475163005,0,,Hourly         ,$0.00 ,2022-06-10 13:22:00
808,2022-06-10 13:22:00,C13474839126,0,,Hourly         ,$0.00 ,2022-06-10 13:22:00
810,2022-06-10 13:22:00,C13388871609,1.00E+15,,Hourly         ,$9.06 ,2022-06-10 16:58:00
811,2022-06-10 13:35:00,C13473708240,0,,Season         ,$0.00 ,2022-06-10 17:29:00
812,2022-06-10 13:52:00,C13473886836,1.11E+15,,Hourly         ,$21.28 ,2022-06-13 17:05:00
813,2022-06-10 14:07:00,C13473885525,1.11E+15,,Hourly         ,$2.52 ,2022-06-10 15:10:00
816,2022-06-10 14:46:00,C13470689515,0,,Season         ,$0.00 ,2022-06-10 15:21:00
817,2022-06-10 15:00:00,C13388415937,1.11E+15,,Hourly         ,$0.72 ,2022-06-10 15:18:00
818,2022-06-10 15:08:00,C13396473705,0,,Hourly         ,$0.00 ,2022-06-10 15:09:00
821,2022-06-10 15:12:00,C13471487679,0,,Season         ,$0.00 ,2022-06-10 17:13:00
822,2022-06-10 15:14:00,C13388631642,0,,Hourly         ,$0.00 ,2022-06-10 15:14:00
823,2022-06-10 15:14:00,C13396469850,0,,Hourly         ,$0.00 ,2022-06-10 15:14:00
824,2022-06-10 15:14:00,C13566011286,1.00E+15,,Hourly         ,$5.12 ,2022-06-10 17:21:00
828,2022-06-10 15:20:00,C13472443895,0,,Hourly         ,$0.00 ,2022-06-10 15:21:00
832,2022-06-10 15:50:00,C13471265524,1.11E+15,,Hourly         ,$1.08 ,2022-06-10 16:17:00
833,2022-06-10 16:16:00,C13473849134,0,,Hourly         ,$0.00 ,2022-06-10 16:16:00
838,2022-06-10 16:50:00,C13473885442,1.11E+15,,Hourly         ,$0.60 ,2022-06-10 17:05:00
849,2022-06-10 17:46:00,C13472299874,1.11E+15,,Hourly         ,$3.56 ,2022-06-10 18:24:00
850,2022-06-10 17:47:00,C13565820791,1.11E+15,,Hourly         ,$3.52 ,2022-06-10 18:05:00
856,2022-06-10 18:55:00,C13566285566,1.01E+15,,Hourly         ,$3.00 ,2022-06-10 22:11:00
857,2022-06-10 19:15:00,C13471700785,1.11E+15,,Hourly         ,$3.00 ,2022-06-10 20:22:00
858,2022-06-10 19:31:00,C13474039998,0,,Hourly         ,$0.00 ,2022-06-10 19:31:00
860,2022-06-10 19:37:00,C13472802324,0,,Hourly         ,$0.00 ,2022-06-10 19:38:00
862,2022-06-10 19:38:00,C13472634637,0,,Hourly         ,$0.00 ,2022-06-10 19:39:00
863,2022-06-10 19:39:00,C13388108895,1.11E+15,,Hourly         ,$3.00 ,2022-06-10 21:32:00
866,2022-06-10 20:05:00,C13475280716,0,,Hourly         ,$0.00 ,2022-06-10 20:05:00
870,2022-06-10 20:52:00,C13565820791,1.11E+15,,Hourly         ,$3.00 ,2022-06-10 21:08:00
871,2022-06-10 20:59:00,C13468536332,0,,Hourly         ,$0.00 ,2022-06-10 21:02:00
873,2022-06-10 21:02:00,C13472052128,1.11E+15,,Hourly         ,$3.00 ,2022-06-10 21:16:00
877,2022-06-10 21:42:00,C13468536332,1.11E+15,,Hourly         ,$3.00 ,2022-06-10 22:20:00
878,2022-06-10 21:48:00,C13388680240,1.11E+15,,Hourly         ,$6.20 ,2022-06-11 01:03:00
881,2022-06-10 22:22:00,C13565891470,0,,Hourly         ,$0.00 ,2022-06-10 22:23:00
883,2022-06-10 23:37:00,C13472052128,1.11E+15,,Hourly         ,$3.00 ,2022-06-10 23:49:00
886,2022-06-11 06:54:00,C13565802057,0,,Hourly         ,$0.00 ,2022-06-11 06:54:00
888,2022-06-11 07:57:00,C13470928905,0,,Hourly         ,$0.00 ,2022-06-11 07:57:00
890,2022-06-11 08:08:00,C13472029647,0,,Hourly         ,$0.00 ,2022-06-11 08:09:00
892,2022-06-11 08:40:00,C13472230526,0,,Hourly         ,$0.00 ,2022-06-11 08:41:00
894,2022-06-11 08:46:00,C13474065088,1.11E+15,,Hourly         ,$21.16 ,2022-06-11 17:34:00
895,2022-06-11 08:46:00,C13472608632,0,,Hourly         ,$0.00 ,2022-06-11 08:47:00
897,2022-06-11 08:47:00,C13061228298,1.11E+15,,Hourly         ,$1.50 ,2022-06-11 11:18:00
898,2022-06-11 08:52:00,C13472052128,0,,Hourly         ,$0.00 ,2022-06-11 08:52:00
900,2022-06-11 09:09:00,C13475119453,0,,Hourly         ,$0.00 ,2022-06-11 09:09:00
902,2022-06-11 09:11:00,C13474815648,0,,Hourly         ,$0.00 ,2022-06-11 09:12:00
904,2022-06-11 09:55:00,C13474790335,1.11E+15,,Hourly         ,$6.56 ,2022-06-11 12:38:00
905,2022-06-11 10:15:00,C13895917096,0,,Hourly         ,$0.00 ,2022-06-11 10:16:00
907,2022-06-11 10:28:00,C13388169979,1.11E+15,,Hourly         ,$1.36 ,2022-06-11 11:02:00
908,2022-06-11 10:42:00,C13566035804,0,,Hourly         ,$0.00 ,2022-06-11 10:43:00
912,2022-06-11 11:29:00,C13475053222,0,,Hourly         ,$0.00 ,2022-06-11 11:29:00
914,2022-06-11 12:27:00,C13471574874,0,,Season         ,$0.00 ,2022-06-11 17:18:00
916,2022-06-11 12:47:00,C13474839968,0,,Season         ,$0.00 ,2022-06-11 14:58:00
917,2022-06-11 14:28:00,C13472619414,0,,Hourly         ,$0.00 ,2022-06-11 14:30:00
919,2022-06-11 14:31:00,C13473534414,0,,Hourly         ,$0.00 ,2022-06-11 14:32:00
922,2022-06-11 15:24:00,C13566566833,1.11E+15,,Hourly         ,$2.68 ,2022-06-11 16:30:00
923,2022-06-11 15:24:00,C13475515420,1.11E+15,,Hourly         ,$9.24 ,2022-06-11 18:36:00
924,2022-06-11 15:30:00,C13473916075,0,,Hourly         ,$0.00 ,
928,2022-06-11 17:32:00,C13473424136,0,,Hourly         ,$0.00 ,2022-06-11 17:33:00
931,2022-06-11 17:52:00,C13472602369,0,,Hourly         ,$0.00 ,2022-06-11 17:52:00
933,2022-06-11 18:09:00,C13474490358,0,,Hourly         ,$0.00 ,2022-06-11 18:09:00
936,2022-06-11 19:55:00,C13472052128,0,,Hourly         ,$0.00 ,2022-06-11 19:57:00
938,2022-06-11 20:02:00,C13471684078,0,,Hourly         ,$0.00 ,2022-06-11 20:02:00
940,2022-06-11 20:18:00,C13471249072,0,,Hourly         ,$0.00 ,2022-06-11 20:19:00
942,2022-06-12 05:51:00,C13472444959,0,,Hourly         ,$0.00 ,2022-06-12 05:52:00
944,2022-06-12 06:01:00,C13473315161,1.11E+15,,Hourly         ,$2.56 ,2022-06-12 07:06:00
946,2022-06-12 07:28:00,C13469776374,0,,Hourly         ,$0.00 ,2022-06-12 07:31:00
948,2022-06-12 08:40:00,C13472672306,0,,Hourly         ,$0.00 ,2022-06-12 08:41:00
950,2022-06-12 08:42:00,C13474065088,1.11E+15,,Hourly         ,$21.48 ,2022-06-12 17:38:00
951,2022-06-12 09:13:00,C13472320359,1.11E+15,,Hourly         ,$4.20 ,2022-06-12 10:57:00
952,2022-06-12 09:14:00,C13474492247,1.11E+15,,Hourly         ,$4.16 ,2022-06-12 10:57:00
953,2022-06-12 09:24:00,C13471934772,1.11E+15,,Hourly         ,$3.72 ,2022-06-12 10:56:00
954,2022-06-12 09:28:00,C13475242023,1.11E+15,,Hourly         ,$3.64 ,2022-06-12 10:58:00
955,2022-06-12 09:32:00,C13474942582,1.11E+15,,Hourly         ,$3.60 ,2022-06-12 11:02:00
956,2022-06-12 10:04:00,C13473163768,0,,Hourly         ,$0.00 ,2022-06-12 10:05:00
958,2022-06-12 10:06:00,C13566238278,1.11E+15,,Hourly         ,$8.68 ,2022-06-12 13:42:00
964,2022-06-12 11:12:00,C13374300805,1.11E+15,,Hourly         ,$4.00 ,2022-06-12 12:51:00
966,2022-06-12 13:11:00,C13566265205,0,,Hourly         ,$0.00 ,2022-06-12 13:12:00
968,2022-06-12 13:34:00,C13471584310,1.11E+15,,Hourly         ,$0.92 ,2022-06-12 13:56:00
971,2022-06-12 14:23:00,C13471497646,1.11E+15,,Hourly         ,$5.20 ,2022-06-12 16:33:00
972,2022-06-12 14:54:00,C13472395253,0,,Season         ,$0.00 ,2022-06-12 18:39:00
973,2022-06-12 15:01:00,C13396391228,0,,Hourly         ,$0.00 ,2022-06-12 15:08:00
978,2022-06-12 20:23:00,C13474257437,0,,Hourly         ,$0.00 ,
980,2022-06-12 20:24:00,C13565992796,0,,Hourly         ,$0.00 ,2022-06-12 20:24:00
982,2022-06-12 22:40:00,C13472354540,0,,Hourly         ,$0.00 ,2022-06-12 22:41:00
984,2022-06-13 07:02:00,C13475384591,1.11E+15,,Hourly         ,$25.96 ,2022-06-13 17:05:00
985,2022-06-13 07:57:00,C13472970428,0,,Hourly         ,$0.00 ,2022-06-13 07:58:00
987,2022-06-13 08:45:00,C13470689515,0,,Season         ,$0.00 ,2022-06-13 17:22:00
988,2022-06-13 08:59:00,C13473886836,1.11E+15,,Hourly         ,$21.28 ,2022-06-13 17:05:00
989,2022-06-13 09:30:00,C13471574874,0,,Season         ,$0.00 ,2022-06-13 17:37:00
990,2022-06-13 09:35:00,C13475142223,0,,Hourly         ,$0.00 ,2022-06-13 09:37:00
991,2022-06-13 09:35:00,C13472687211,0,,Hourly         ,$0.00 ,2022-06-13 19:11:00
993,2022-06-13 09:38:00,C13470143226,1.11E+15,,Hourly         ,$3.63 ,2022-06-13 11:06:00
994,2022-06-13 09:54:00,C13471216345,1.11E+15,,Hourly         ,$3.64 ,2022-06-13 11:19:00
995,2022-06-13 10:29:00,C13473561061,0,,Hourly         ,$0.00 ,2022-06-13 10:30:00
997,2022-06-13 11:04:00,C13388974471,1.11E+15,,Hourly         ,$8.55 ,2022-06-13 13:54:00
1000,2022-06-13 11:44:00,C13471487679,0,,Season         ,$0.00 ,2022-06-13 15:42:00
1001,2022-06-13 12:47:00,C13473732778,1.11E+15,,Hourly         ,$2.65 ,2022-06-13 13:40:00
1002,2022-06-13 13:34:00,C13472829796,1.00E+15,,Hourly         ,$9.98 ,2022-06-13 17:36:00
1005,2022-06-13 13:47:00,C13374300805,1.11E+15,,Hourly         ,$7.61 ,2022-06-13 16:53:00
1004,2022-06-13 13:47:00,C13474018285,0,,Hourly         ,$0.00 ,2022-06-13 13:48:00
1007,2022-06-13 13:52:00,C13468298724,1.11E+15,,Hourly         ,$3.88 ,2022-06-13 15:26:00
1009,2022-06-13 14:44:00,C13474022903,0,,Season         ,$0.00 ,2022-06-13 17:04:00
1010,2022-06-13 14:47:00,C13565949262,1.11E+15,,Hourly         ,$4.16 ,2022-06-13 16:31:00
1011,2022-06-13 14:56:00,C13372711871,                ,,Hourly         ,$10.36 ,2022-06-13 18:10:00
1013,2022-06-13 15:31:00,C13565689171,0,,Hourly         ,$0.00 ,2022-06-13 15:32:00
1016,2022-06-13 15:51:00,C13473234129,0,,Hourly         ,$0.00 ,2022-06-13 15:52:00
1019,2022-06-13 16:44:00,C13388575905,1.11E+15,,Hourly         ,$6.04 ,2022-06-13 18:07:00
1026,2022-06-13 17:36:00,C13473885442,1.11E+15,,Hourly         ,$3.96 ,2022-06-13 18:34:00
1029,2022-06-13 18:09:00,C13565767368,1.11E+15,,Hourly         ,$3.45 ,2022-06-14 00:08:00
1032,2022-06-13 18:45:00,C13475515420,1.11E+15,,Hourly         ,$3.00 ,2022-06-13 21:41:00
1033,2022-06-13 18:56:00,C13566285566,1.01E+15,,Hourly         ,$3.00 ,2022-06-13 21:52:00
1035,2022-06-13 19:29:00,C13473087502,0,,Hourly         ,$0.00 ,2022-06-13 19:30:00
1037,2022-06-13 19:36:00,C13475477695,0,,Hourly         ,$0.00 ,2022-06-13 19:37:00
1039,2022-06-13 20:28:00,C13474368630,1.11E+15,,Hourly         ,$3.00 ,2022-06-13 20:48:00
1041,2022-06-13 21:35:00,C13474058067,0,,Hourly         ,$0.00 ,2022-06-13 21:37:00
1042,2022-06-13 21:36:00,C13471158076,0,,Hourly         ,$0.00 ,2022-06-13 21:37:00
1048,2022-06-14 07:30:00,C13475384591,1.11E+15,,Hourly         ,$23.60 ,2022-06-14 16:34:00
1049,2022-06-14 08:25:00,C13470143226,1.11E+15,,Hourly         ,$23.84 ,2022-06-14 17:35:00
1050,2022-06-14 08:34:00,C13472396698,0,,Hourly         ,$0.00 ,2022-06-14 08:35:00
1051,2022-06-14 08:35:00,C13472309213,0,,Hourly         ,$0.00 ,2022-06-14 08:37:00
1054,2022-06-14 08:45:00,C13566266013,0,,Hourly         ,$0.00 ,2022-06-14 08:46:00
1055,2022-06-14 08:45:00,C13566249125,0,,Hourly         ,$0.00 ,2022-06-14 08:46:00
1056,2022-06-14 08:46:00,C13473886836,1.11E+15,,Hourly         ,$9.35 ,2022-06-16 11:46:00
1059,2022-06-14 08:51:00,C13475467035,0,,Hourly         ,$0.00 ,2022-06-14 08:51:00
1061,2022-06-14 09:01:00,C13474058067,0,,Hourly         ,$0.00 ,2022-06-14 09:01:00
1063,2022-06-14 09:10:00,C13474416562,0,,Hourly         ,$0.00 ,2022-06-14 09:11:00
1066,2022-06-14 09:12:00,C13470689515,0,,Season         ,$0.00 ,2022-06-14 17:36:00
1065,2022-06-14 09:12:00,C13474342577,1.11E+15,,Hourly         ,$25.92 ,2022-06-14 19:35:00
1067,2022-06-14 09:16:00,C13472687211,0,,Hourly         ,$0.00 ,2022-06-14 19:04:00
1068,2022-06-14 09:21:00,C13472010679,1.11E+15,,Hourly         ,$22.36 ,2022-06-14 17:54:00
1069,2022-06-14 09:48:00,C13471574874,0,,Season         ,$0.00 ,2022-06-14 15:48:00
1070,2022-06-14 10:04:00,C13374300805,1.11E+15,,Hourly         ,$10.44 ,2022-06-14 13:43:00
1071,2022-06-14 10:27:00,C13474710286,0,,Season         ,$0.00 ,2022-06-14 14:26:00
1072,2022-06-14 10:29:00,C13472944374,0,,Hourly         ,$0.00 ,2022-06-14 10:29:00
1074,2022-06-14 11:13:00,C13388548094,1.11E+15,,Hourly         ,$4.70 ,2022-06-14 12:46:00
1075,2022-06-14 11:20:00,C13566610343,1.11E+15,,Hourly         ,$2.55 ,2022-06-14 12:11:00
1076,2022-06-14 11:23:00,C13475633866,0,,Hourly         ,$0.00 ,2022-06-14 11:24:00
1078,2022-06-14 11:41:00,C13388482629,0,,Hourly         ,$0.00 ,2022-06-14 11:44:00
1080,2022-06-14 12:00:00,C13474395087,1.11E+15,,Hourly         ,$10.84 ,2022-06-14 16:00:00
1082,2022-06-14 12:16:00,C13388209737,1.11E+15,,Hourly         ,$5.20 ,2022-06-14 13:59:00
1084,2022-06-14 13:15:00,C13474214164,0,,Hourly         ,$0.00 ,2022-06-14 13:16:00
1086,2022-06-14 13:37:00,C13474531170,1.11E+15,,Hourly         ,$8.95 ,2022-06-14 17:14:00
1088,2022-06-14 13:57:00,C13474605165,1.01E+15,,Hourly         ,$5.31 ,2022-06-14 16:08:00
1090,2022-06-14 14:04:00,C13388305411,1.11E+15,,Hourly         ,$5.36 ,2022-06-14 16:17:00
1091,2022-06-14 14:20:00,C13388563457,0,,Hourly         ,$0.00 ,2022-06-14 14:22:00
1094,2022-06-14 14:58:00,C13566431012,0,,Hourly         ,$0.00 ,2022-06-14 15:08:00
1096,2022-06-14 15:41:00,C13369628855,0,,Hourly         ,$0.00 ,2022-06-14 15:45:00
1097,2022-06-14 15:44:00,C13374300805,1.11E+15,,Hourly         ,$8.44 ,2022-06-14 21:26:00
1100,2022-06-14 15:53:00,C13474220666,1.00E+15,,Hourly         ,$4.32 ,2022-06-14 17:41:00
1101,2022-06-14 16:00:00,C13386876116,1.11E+15,,Hourly         ,$0.76 ,2022-06-14 16:19:00
1106,2022-06-14 16:20:00,C13566127867,1.11E+15,,Hourly         ,$2.44 ,2022-06-14 17:20:00
1114,2022-06-14 18:17:00,C13475037151,1.11E+15,,Hourly         ,$3.00 ,2022-06-14 22:43:00
1115,2022-06-14 18:35:00,C13469377206,1.11E+15,,Hourly         ,$3.00 ,2022-06-14 22:27:00
1117,2022-06-14 19:13:00,C13472779215,0,,Hourly         ,$0.00 ,2022-06-14 19:14:00
1119,2022-06-14 19:18:00,C13471574874,0,,Season         ,$0.00 ,2022-06-14 19:20:00
1122,2022-06-14 20:18:00,C13566216933,0,,Hourly         ,$0.00 ,2022-06-14 20:22:00
1124,2022-06-14 20:43:00,C13470143226,1.11E+15,,Hourly         ,$3.00 ,2022-06-14 23:11:00
1125,2022-06-14 21:08:00,C13474058067,0,,Hourly         ,$0.00 ,2022-06-14 21:13:00
1131,2022-06-15 08:02:00,C13471481483,0,,Season         ,$0.00 ,2022-06-15 18:43:00
1132,2022-06-15 08:40:00,C13374300805,1.11E+15,,Hourly         ,$18.00 ,2022-06-15 15:24:00
1133,2022-06-15 09:02:00,C13470689515,0,,Season         ,$0.00 ,2022-06-15 15:56:00
1134,2022-06-15 09:10:00,C13472693794,1.00E+15,,Hourly         ,$21.28 ,2022-06-15 17:16:00
1135,2022-06-15 09:25:00,C13472687211,0,,Hourly         ,$0.00 ,2022-06-15 18:49:00
1137,2022-06-15 09:28:00,C13566063829,0,,Hourly         ,$0.00 ,2022-06-15 09:29:00
1136,2022-06-15 09:28:00,C13471350002,0,,               ,$0.00 ,2022-06-15 18:35:00
1139,2022-06-15 09:57:00,C13474766823,1.11E+15,,Hourly         ,$4.52 ,2022-06-15 11:39:00
1140,2022-06-15 10:45:00,C13473267279,0,,Hourly         ,$0.00 ,2022-06-15 10:53:00
1143,2022-06-15 12:32:00,C13471977623,0,,Hourly         ,$0.00 ,
1144,2022-06-15 12:32:00,C13473934663,0,,Hourly         ,$0.00 ,2022-06-15 12:33:00
1147,2022-06-15 12:46:00,C13565865641,1.11E+15,,Hourly         ,$0.60 ,2022-06-15 12:58:00
1149,2022-06-15 13:34:00,C13474102004,1.11E+15,,Hourly         ,$5.58 ,2022-06-15 15:46:00
1150,2022-06-15 14:19:00,C13471574874,0,,Season         ,$0.00 ,2022-06-15 18:30:00
1151,2022-06-15 14:33:00,C13473599059,0,,Hourly         ,$0.00 ,2022-06-15 14:34:00
1154,2022-06-15 15:25:00,C13565806429,1.11E+15,,Hourly         ,$2.68 ,2022-06-15 16:32:00
1155,2022-06-15 15:37:00,C13468709878,1.11E+15,,Hourly         ,$1.20 ,2022-06-15 16:06:00
1159,2022-06-15 16:18:00,C13388956437,1.11E+15,,Hourly         ,$2.28 ,2022-06-15 17:14:00
1163,2022-06-15 18:01:00,C13473779735,1.11E+15,,Hourly         ,$3.00 ,2022-06-15 23:00:00
1164,2022-06-15 18:08:00,C13471442312,0,,Hourly         ,$0.00 ,2022-06-15 18:08:00
1166,2022-06-15 18:20:00,C13470238605,1.11E+15,,Hourly         ,$3.00 ,2022-06-15 21:48:00
1169,2022-06-15 18:40:00,C13469645306,1.11E+15,,Hourly         ,$3.00 ,2022-06-15 21:26:00
1170,2022-06-15 18:41:00,C13474793594,1.11E+15,,Hourly         ,$3.00 ,2022-06-15 21:31:00
1171,2022-06-15 18:42:00,C13474727090,1.11E+15,,Hourly         ,$3.00 ,2022-06-15 21:34:00
1173,2022-06-15 18:44:00,C13565986494,1.11E+15,,Hourly         ,$3.00 ,2022-06-15 21:38:00
1174,2022-06-15 18:46:00,C13475083243,1.11E+15,,Hourly         ,$3.00 ,2022-06-15 21:41:00
1175,2022-06-15 18:47:00,C13566177343,1.11E+15,,Hourly         ,$3.00 ,2022-06-15 21:39:00
1177,2022-06-15 19:32:00,C13471185679,1.11E+15,,Hourly         ,$3.00 ,2022-06-15 23:03:00
1178,2022-06-15 19:38:00,C13373774878,1.11E+15,,Hourly         ,$3.00 ,2022-06-15 22:54:00
1179,2022-06-15 19:52:00,C13061307283,0,,Hourly         ,$0.00 ,2022-06-15 19:55:00
1181,2022-06-15 20:50:00,C13470436077,0,,Hourly         ,$0.00 ,2022-06-15 20:51:00
1184,2022-06-15 21:26:00,C13471158076,0,,Hourly         ,$0.00 ,2022-06-15 21:27:00
1192,2022-06-15 22:10:00,C13475542382,0,,Hourly         ,$0.00 ,2022-06-15 22:17:00
1197,2022-06-16 07:53:00,C13475384591,1.11E+15,,Hourly         ,$23.64 ,2022-06-16 16:58:00
1198,2022-06-16 08:05:00,C13473886836,1.11E+15,,Hourly         ,$9.35 ,2022-06-16 11:46:00
1199,2022-06-16 08:07:00,C13471481483,0,,Season         ,$0.00 ,2022-06-16 17:05:00
1200,2022-06-16 09:07:00,C13470689515,0,,Season         ,$0.00 ,2022-06-16 14:10:00
1201,2022-06-16 09:43:00,C13566289054,0,,Season         ,$0.00 ,2022-06-16 20:14:00
1202,2022-06-16 09:44:00,C13374300805,1.11E+15,,Hourly         ,$1.96 ,2022-06-16 10:33:00
1203,2022-06-16 09:52:00,C13470791699,1.11E+15,,Hourly         ,$3.92 ,2022-06-16 11:23:00
1204,2022-06-16 09:53:00,C13470661228,0,,Hourly         ,$0.00 ,2022-06-16 09:54:00
1206,2022-06-16 10:07:00,C13388305411,1.11E+15,,Hourly         ,$4.22 ,2022-06-16 11:41:00
1211,2022-06-16 12:45:00,C13473095737,0,,Season         ,$0.00 ,2022-06-16 22:14:00
1212,2022-06-16 13:05:00,C13473886836,1.11E+15,,Hourly         ,$9.91 ,2022-06-16 16:58:00
1213,2022-06-16 13:09:00,C13374781731,1.11E+15,,Hourly         ,$2.30 ,2022-06-16 13:54:00
1216,2022-06-16 14:27:00,C13471574874,0,,Season         ,$0.00 ,2022-06-16 16:50:00
1217,2022-06-16 14:32:00,C13473885442,1.11E+15,,Hourly         ,$2.08 ,2022-06-16 15:23:00
1218,2022-06-16 14:57:00,C13472693794,1.00E+15,,Hourly         ,$2.12 ,2022-06-16 15:50:00
1219,2022-06-16 14:59:00,C13374781731,1.11E+15,,Hourly         ,$3.88 ,2022-06-16 16:36:00
1220,2022-06-16 15:04:00,C13388885478,1.11E+15,,Hourly         ,$0.76 ,2022-06-16 15:23:00
1221,2022-06-16 15:04:00,C13856774022,1.11E+15,,Hourly         ,$0.44 ,2022-06-16 15:15:00
1225,2022-06-16 15:43:00,C13389077801,1.11E+15,,Hourly         ,$3.40 ,2022-06-16 17:07:00
1226,2022-06-16 15:47:00,C13471487679,0,,Season         ,$0.00 ,2022-06-16 16:24:00
1228,2022-06-16 16:05:00,C13566526350,0,,Hourly         ,$0.00 ,2022-06-16 16:09:00
1237,2022-06-16 17:20:00,C13565748193,0,,Hourly         ,$0.00 ,2022-06-16 17:21:00
1239,2022-06-16 17:22:00,C13473025298,0,,Hourly         ,$0.00 ,2022-06-16 17:30:00
1241,2022-06-16 17:35:00,C13470791699,0,,Hourly         ,$0.00 ,2022-06-16 17:41:00
1243,2022-06-16 17:43:00,C13388218809,1.11E+15,,Hourly         ,$3.68 ,2022-06-16 21:28:00
1244,2022-06-16 17:48:00,C13469301536,0,,Hourly         ,$0.00 ,2022-06-16 17:57:00
1246,2022-06-16 18:27:00,C13566072733,1.11E+15,,Hourly         ,$3.00 ,2022-06-16 20:07:00
1247,2022-06-16 18:45:00,C13470357883,1.11E+15,,Hourly         ,$3.00 ,2022-06-16 22:26:00
1248,2022-06-16 18:50:00,C13565972882,1.11E+15,,Hourly         ,$3.00 ,2022-06-16 22:13:00
1249,2022-06-16 18:50:00,C13471538119,1.11E+15,,Hourly         ,$3.00 ,2022-06-16 21:59:00
1252,2022-06-16 18:53:00,C13566285566,1.01E+15,,Hourly         ,$3.00 ,2022-06-16 22:31:00
1251,2022-06-16 18:53:00,C13469036654,1.11E+15,,Hourly         ,$3.00 ,2022-06-16 22:29:00
1250,2022-06-16 18:53:00,C13061228298,1.11E+15,,Hourly         ,$1.50 ,2022-06-16 22:27:00
1253,2022-06-16 19:11:00,C13059621039,1.11E+15,,Hourly         ,$1.50 ,2022-06-16 22:27:00
1254,2022-06-16 19:34:00,C13566461738,1.11E+15,,Hourly         ,$3.00 ,2022-06-16 19:51:00
1267,2022-06-17 07:43:00,C13475384591,1.11E+15,,Hourly         ,$23.00 ,2022-06-17 16:32:00
1268,2022-06-17 07:58:00,C13471481483,0,,Season         ,$0.00 ,2022-06-17 17:39:00
1269,2022-06-17 08:12:00,C13473886836,1.11E+15,,Hourly         ,$9.27 ,2022-06-17 11:50:00
1270,2022-06-17 09:26:00,C13473736770,1.11E+15,,Hourly         ,$5.31 ,2022-06-17 11:30:00
1271,2022-06-17 09:26:00,C13566289054,0,,Season         ,$0.00 ,2022-06-17 22:59:00
1272,2022-06-17 09:32:00,C13471081613,1.11E+15,,Hourly         ,$4.02 ,2022-06-17 11:09:00
1273,2022-06-17 09:35:00,C13473147168,1.11E+15,,Hourly         ,$2.04 ,2022-06-17 10:26:00
1274,2022-06-17 09:36:00,C13473801101,1.11E+15,,Hourly         ,$2.08 ,2022-06-17 10:27:00
1277,2022-06-17 10:30:00,C13374300805,1.11E+15,,Hourly         ,$4.50 ,2022-06-17 12:05:00
1278,2022-06-17 11:03:00,C13469369937,1.11E+15,,Hourly         ,$16.89 ,2022-06-17 17:20:00
1279,2022-06-17 11:04:00,C13472687211,0,,Hourly         ,$0.00 ,2022-06-17 22:53:00
1282,2022-06-17 11:38:00,C13388274260,1.00E+15,,Hourly         ,$2.70 ,2022-06-17 12:32:00
1284,2022-06-17 11:58:00,C13474824292,0,,Hourly         ,$0.00 ,2022-06-17 11:59:00
1288,2022-06-17 12:35:00,C13471574874,0,,Season         ,$0.00 ,2022-06-17 14:09:00
1289,2022-06-17 13:18:00,C13473886836,1.11E+15,,Hourly         ,$8.26 ,2022-06-17 16:33:00
1290,2022-06-17 13:27:00,C13388717582,1.11E+15,,Hourly         ,$1.93 ,2022-06-17 14:06:00
1291,2022-06-17 13:31:00,C13470812705,1.11E+15,,Hourly         ,$4.41 ,2022-06-17 15:13:00
1292,2022-06-17 13:50:00,C13470492793,1.11E+15,,Hourly         ,$2.62 ,2022-06-17 14:52:00
1295,2022-06-17 14:13:00,C13473095737,0,,Season         ,$0.00 ,2022-06-17 23:00:00
1298,2022-06-17 15:21:00,C13468868609,1.11E+15,,Hourly         ,$2.12 ,2022-06-17 16:14:00
1299,2022-06-17 15:36:00,C13474710286,0,,Season         ,$0.00 ,2022-06-17 18:04:00
1300,2022-06-17 15:49:00,C13472839887,0,,Season         ,$0.00 ,2022-06-17 18:05:00
1301,2022-06-17 16:03:00,C13374781731,1.11E+15,,Hourly         ,$4.48 ,2022-06-17 17:55:00
1306,2022-06-17 17:32:00,C13473599059,0,,Hourly         ,$0.00 ,2022-06-17 17:37:00
1310,2022-06-17 17:56:00,C13472479163,1.11E+15,,Hourly         ,$3.16 ,2022-06-17 18:10:00
1314,2022-06-17 19:05:00,C13566285566,1.01E+15,,Hourly         ,$3.00 ,2022-06-17 22:04:00
1315,2022-06-17 19:09:00,C13473247496,0,,Hourly         ,$0.00 ,2022-06-17 19:09:00
1317,2022-06-17 19:26:00,C13471821234,1.11E+15,,Hourly         ,$3.00 ,2022-06-17 22:12:00
1319,2022-06-17 22:04:00,C13472479163,0,,Hourly         ,$0.00 ,2022-06-17 22:14:00
1322,2022-06-17 22:15:00,C13472479163,0,,Hourly         ,$0.00 ,
1326,2022-06-18 07:54:00,C13472029647,0,,Hourly         ,$0.00 ,2022-06-18 07:55:00
1328,2022-06-18 08:20:00,C13472694339,0,,Hourly         ,$0.00 ,2022-06-18 08:21:00
1330,2022-06-18 08:47:00,C13471640247,0,,Hourly         ,$0.00 ,2022-06-18 08:49:00
1332,2022-06-18 09:26:00,C13471841612,0,,Hourly         ,$0.00 ,2022-06-18 09:27:00
1334,2022-06-18 09:40:00,C13472622327,0,,Hourly         ,$0.00 ,2022-06-18 09:40:00
1336,2022-06-18 09:46:00,C13369869583,1.11E+15,,Hourly         ,$7.00 ,2022-06-18 12:40:00
1337,2022-06-18 10:00:00,C13473736770,0,,Hourly         ,$0.00 ,2022-06-18 10:01:00
1339,2022-06-18 10:10:00,C13566471761,1.11E+15,,Hourly         ,$2.96 ,2022-06-18 11:23:00
1340,2022-06-18 10:13:00,C13472470395,0,,Hourly         ,$0.00 ,2022-06-18 10:14:00
1342,2022-06-18 10:24:00,C13475255787,0,,Hourly         ,$0.00 ,2022-06-18 10:26:00
1344,2022-06-18 10:42:00,C13388671276,0,,Hourly         ,$0.00 ,2022-06-18 10:45:00
1347,2022-06-18 11:53:00,C13472533681,0,,Hourly         ,$0.00 ,2022-06-18 11:54:00
1349,2022-06-18 11:55:00,C13566285566,0,,Hourly         ,$0.00 ,2022-06-18 11:56:00
1351,2022-06-18 12:23:00,C13472532988,1.11E+15,,Hourly         ,$3.32 ,2022-06-18 13:45:00
1353,2022-06-18 12:47:00,C13473693168,1.11E+15,,Hourly         ,$7.84 ,2022-06-18 16:03:00
1354,2022-06-18 13:37:00,C13061373416,0,,Hourly         ,$0.00 ,2022-06-18 13:42:00
1357,2022-06-18 14:02:00,C13565885950,1.11E+15,,Hourly         ,$4.56 ,2022-06-18 15:55:00
1358,2022-06-18 14:25:00,C13472532988,1.11E+15,,Hourly         ,$0.88 ,2022-06-18 14:47:00
1359,2022-06-18 14:40:00,C13473158743,0,,Hourly         ,$0.00 ,2022-06-18 14:40:00
1362,2022-06-18 14:50:00,C13475542382,0,,Hourly         ,$0.00 ,2022-06-18 14:50:00
1364,2022-06-18 15:29:00,C13472443757,1.11E+15,,Hourly         ,$2.76 ,2022-06-18 16:37:00
1367,2022-06-18 16:05:00,C13473720392,1.11E+15,,Hourly         ,$7.60 ,2022-06-18 19:08:00
1368,2022-06-18 16:21:00,C13566347673,1.11E+15,,Hourly         ,$3.40 ,2022-06-18 17:45:00
1369,2022-06-18 16:21:00,C13473845183,0,,Hourly         ,$0.00 ,2022-06-18 16:21:00
1371,2022-06-18 16:30:00,C13472542994,1.11E+15,,Hourly         ,$1.08 ,2022-06-18 16:56:00
1375,2022-06-18 17:56:00,C13474157281,1.11E+15,,Hourly         ,$3.16 ,2022-06-18 20:07:00
1376,2022-06-18 18:11:00,C13565740397,0,,Hourly         ,$0.00 ,2022-06-18 18:20:00
1378,2022-06-18 18:51:00,C13566112339,1.11E+15,,               ,$2.10 ,2022-06-18 22:03:00
1381,2022-06-18 20:11:00,C13472977474,1.11E+15,,Hourly         ,$3.00 ,2022-06-18 21:58:00
1382,2022-06-18 21:09:00,C13475542382,0,,Hourly         ,$0.00 ,2022-06-18 21:10:00
1386,2022-06-19 09:23:00,C13469405213,1.11E+15,,Hourly         ,$3.68 ,2022-06-19 10:54:00
1387,2022-06-19 09:24:00,C13474927253,1.11E+15,,Hourly         ,$3.44 ,2022-06-19 10:49:00
1390,2022-06-19 13:48:00,C13471158076,0,,Hourly         ,$0.00 ,2022-06-19 13:49:00
1392,2022-06-19 14:00:00,C13471482340,0,,Hourly         ,$0.00 ,2022-06-19 14:01:00
1394,2022-06-19 14:03:00,C13474400959,1.11E+15,,Hourly         ,$3.72 ,2022-06-19 15:36:00
1395,2022-06-19 15:03:00,C13471046164,0,,Hourly         ,$0.00 ,2022-06-19 15:05:00
1397,2022-06-19 15:34:00,C13472066953,1.11E+15,,Hourly         ,$4.04 ,2022-06-19 17:14:00
1399,2022-06-19 16:49:00,C13474369158,1.11E+15,,               ,$4.09 ,2022-06-19 18:12:00
1402,2022-06-19 18:57:00,C13474536550,0,,Hourly         ,$0.00 ,2022-06-19 18:59:00
1404,2022-06-19 19:28:00,C13474338782,0,,Hourly         ,$0.00 ,2022-06-19 19:29:00
1406,2022-06-19 21:14:00,C13474058067,0,,Hourly         ,$0.00 ,2022-06-19 21:15:00
1408,2022-06-20 08:28:00,C13470689515,0,,Season         ,$0.00 ,2022-06-20 10:53:00
1409,2022-06-20 08:58:00,C13466362794,0,,               ,$0.00 ,2022-06-20 19:39:00
1410,2022-06-20 09:04:00,C13474058067,0,,Hourly         ,$0.00 ,2022-06-20 09:04:00
1412,2022-06-20 09:07:00,C13473922626,0,,Hourly         ,$0.00 ,2022-06-20 09:08:00
1414,2022-06-20 09:12:00,C13472693794,1.00E+15,,Hourly         ,$3.32 ,2022-06-20 10:34:00
1415,2022-06-20 09:15:00,C13467845254,                ,,Hourly         ,$21.84 ,2022-06-20 17:35:00
1416,2022-06-20 09:17:00,C13470991992,1.11E+15,,Hourly         ,$6.12 ,2022-06-20 11:39:00
1419,2022-06-20 09:31:00,C13566075000,1.11E+15,,Hourly         ,$5.81 ,2022-06-20 11:44:00
1417,2022-06-20 09:31:00,C13475542382,1.11E+15,,Hourly         ,$11.11 ,2022-06-20 13:30:00
1418,2022-06-20 09:31:00,C13475142223,0,,Hourly         ,$0.00 ,2022-06-20 09:32:00
1421,2022-06-20 09:40:00,C13374300805,1.11E+15,,Hourly         ,$3.85 ,2022-06-20 11:12:00
1422,2022-06-20 09:48:00,C13472687211,0,,Hourly         ,$0.00 ,2022-06-20 18:32:00
1423,2022-06-20 09:50:00,C13470143226,1.01E+15,,Hourly         ,$2.28 ,2022-06-20 10:46:00
1424,2022-06-20 09:51:00,C13471487679,0,,Season         ,$0.00 ,2022-06-20 11:40:00
1425,2022-06-20 10:05:00,C13471574874,0,,Season         ,$0.00 ,2022-06-20 18:50:00
1426,2022-06-20 10:07:00,C13566289054,0,,Season         ,$0.00 ,2022-06-20 19:04:00
1427,2022-06-20 10:18:00,C13470928905,0,,Hourly         ,$0.00 ,2022-06-20 10:25:00
1428,2022-06-20 10:24:00,C13375075582,1.11E+15,,Hourly         ,$3.94 ,2022-06-20 11:49:00
1433,2022-06-20 10:54:00,C13473518351,0,,Hourly         ,$0.00 ,2022-06-20 10:55:00
1436,2022-06-20 11:18:00,C13566018422,1.11E+15,,Hourly         ,$3.40 ,2022-06-20 12:25:00
1437,2022-06-20 11:24:00,C13471352735,0,,Season         ,$0.00 ,2022-06-20 14:17:00
1441,2022-06-20 11:48:00,C13388065502,0,,Hourly         ,$0.00 ,2022-06-20 11:53:00
1444,2022-06-20 11:55:00,C13472693794,0,,Hourly         ,$0.00 ,2022-06-20 11:59:00
1447,2022-06-20 12:32:00,C13374781731,0,,Hourly         ,$0.00 ,2022-06-20 12:40:00
1450,2022-06-20 13:40:00,C13472637623,0,,Hourly         ,$0.00 ,2022-06-20 13:40:00
1452,2022-06-20 14:02:00,C13474802619,0,,Hourly         ,$0.00 ,2022-06-20 14:03:00
1454,2022-06-20 14:11:00,C13472693794,0,,Hourly         ,$0.00 ,2022-06-20 14:16:00
1455,2022-06-20 14:11:00,C13472278568,0,,Hourly         ,$0.00 ,2022-06-20 14:12:00
1459,2022-06-20 14:26:00,C13473095737,0,,Season         ,$0.00 ,2022-06-20 22:11:00
1460,2022-06-20 14:26:00,C13472003559,0,,Hourly         ,$0.00 ,2022-06-20 14:27:00
1462,2022-06-20 14:29:00,C13473543199,1.11E+15,,Hourly         ,$1.36 ,2022-06-20 15:02:00
1463,2022-06-20 14:30:00,C13388403562,1.11E+15,,Hourly         ,$0.52 ,2022-06-20 14:43:00
1466,2022-06-20 15:31:00,C13388585861,0,,Hourly         ,$0.00 ,2022-06-20 15:34:00
1468,2022-06-20 16:12:00,C13389084674,0,,Hourly         ,$0.00 ,2022-06-20 16:12:00
1470,2022-06-20 17:21:00,C13473736770,0,,Hourly         ,$0.00 ,2022-06-20 17:24:00
1474,2022-06-20 18:41:00,C13566285566,1.01E+15,,Hourly         ,$3.00 ,2022-06-20 22:38:00
1475,2022-06-20 18:49:00,C13565767368,1.11E+15,,Hourly         ,$3.00 ,2022-06-20 22:16:00
1477,2022-06-20 18:59:00,C13475515420,1.11E+15,,Hourly         ,$3.00 ,2022-06-20 21:21:00
1479,2022-06-20 19:15:00,C13468733408,1.11E+15,,Hourly         ,$3.00 ,2022-06-20 23:01:00
1481,2022-06-20 19:44:00,C13471185679,1.11E+15,,Hourly         ,$3.00 ,2022-06-20 22:05:00
1482,2022-06-20 21:10:00,C13474058067,0,,Hourly         ,$0.00 ,2022-06-20 21:10:00
1485,2022-06-20 21:40:00,C13474001790,0,,Hourly         ,$0.00 ,2022-06-20 21:41:00
1492,2022-06-21 08:11:00,C13474058067,0,,Hourly         ,$0.00 ,2022-06-21 08:12:00
1493,2022-06-21 08:12:00,C13473252743,0,,Hourly         ,$0.00 ,2022-06-21 08:12:00
1496,2022-06-21 08:30:00,C13474415671,1.11E+15,,Hourly         ,$7.55 ,2022-06-21 11:30:00
1497,2022-06-21 08:46:00,C13475485059,0,,Hourly         ,$0.00 ,
1498,2022-06-21 08:53:00,C13467845254,                ,,Hourly         ,$21.36 ,2022-06-21 17:01:00
1499,2022-06-21 09:23:00,C13473526411,1.11E+15,,Hourly         ,$3.64 ,2022-06-21 10:54:00
1500,2022-06-21 09:43:00,C13374300805,1.11E+15,,Hourly         ,$9.23 ,2022-06-21 13:02:00
1501,2022-06-21 09:46:00,C13566339189,1.11E+15,,Hourly         ,$2.80 ,2022-06-21 10:55:00
1502,2022-06-21 09:59:00,C13566289054,0,,Season         ,$0.00 ,2022-06-21 18:18:00
1503,2022-06-21 10:10:00,C13388059124,0,,Hourly         ,$0.00 ,2022-06-21 10:10:00
1505,2022-06-21 10:22:00,C13472600505,0,,Hourly         ,$0.00 ,2022-06-21 10:25:00
1507,2022-06-21 10:53:00,C13472078814,0,,Hourly         ,$0.00 ,2022-06-21 10:54:00
1508,2022-06-21 10:54:00,C13473885442,1.11E+15,,Hourly         ,$0.89 ,2022-06-21 11:12:00
1512,2022-06-21 11:04:00,C13566462736,0,,Hourly         ,$0.00 ,2022-06-21 11:05:00
1515,2022-06-21 11:15:00,C13473084342,0,,Hourly         ,$0.00 ,2022-06-21 11:15:00
1518,2022-06-21 11:46:00,C13471574874,0,,Season         ,$0.00 ,2022-06-21 17:51:00
1519,2022-06-21 12:03:00,C13470143226,1.11E+15,,Hourly         ,$3.90 ,2022-06-21 13:20:00
1520,2022-06-21 13:00:00,C13472490566,1.11E+15,,Hourly         ,$10.60 ,2022-06-21 17:09:00
1523,2022-06-21 14:26:00,C111802345678789,1.11E+15,,Hourly         ,$0.00 ,2022-06-21 14:26:00
1524,2022-06-21 14:26:00,C111562345678789,1.11E+15,,Hourly         ,$0.00 ,2022-06-21 14:27:00
1527,2022-06-21 14:37:00,C13472687211,0,,Season         ,$0.00 ,2022-06-22 00:17:00
1528,2022-06-21 15:00:00,C13474058067,0,,Hourly         ,$0.00 ,2022-06-21 15:03:00
1530,2022-06-21 16:10:00,C13473095737,0,,Season         ,$0.00 ,2022-06-21 22:14:00
1535,2022-06-21 18:53:00,C13474349043,1.11E+15,,Hourly         ,$3.00 ,2022-06-21 22:09:00
1536,2022-06-21 19:00:00,C13473426825,1.11E+15,,Hourly         ,$3.00 ,2022-06-21 22:22:00
1537,2022-06-21 19:46:00,C13471185679,1.11E+15,,Hourly         ,$3.00 ,2022-06-21 22:05:00
1538,2022-06-21 21:30:00,C13471158076,0,,Hourly         ,$0.00 ,2022-06-21 21:32:00
1540,2022-06-21 21:33:00,C13474058067,0,,Hourly         ,$0.00 ,2022-06-21 21:34:00
1542,2022-06-21 22:00:00,C13473537499,0,,Hourly         ,$0.00 ,2022-06-21 22:01:00
1549,2022-06-22 07:19:00,C13471481483,0,,Season         ,$0.00 ,2022-06-22 14:03:00
1550,2022-06-22 08:06:00,C13474058067,0,,Hourly         ,$0.00 ,2022-06-22 08:08:00
1552,2022-06-22 08:31:00,C13566398088,0,,Hourly         ,$0.00 ,2022-06-22 08:32:00
1554,2022-06-22 08:43:00,C13474433811,1.11E+15,,Hourly         ,$23.24 ,2022-06-22 17:38:00
1555,2022-06-22 08:47:00,C13475629551,1.11E+15,,Hourly         ,$21.96 ,2022-06-22 17:10:00
1556,2022-06-22 08:48:00,C13473704636,0,,Hourly         ,$0.00 ,
1558,2022-06-22 08:51:00,C13473807141,0,,Hourly         ,$0.00 ,2022-06-22 08:51:00
1560,2022-06-22 09:00:00,C13467917350,1.11E+15,,Hourly         ,$22.40 ,2022-06-22 17:35:00
1561,2022-06-22 09:26:00,C13472687211,0,,Season         ,$0.00 ,2022-06-22 22:47:00
1562,2022-06-22 09:31:00,C13471352735,0,,Season         ,$0.00 ,2022-06-22 14:52:00
1563,2022-06-22 09:31:00,C13372934045,1.11E+15,,Hourly         ,$3.36 ,2022-06-22 10:54:00
1564,2022-06-22 09:36:00,C13473487372,0,,Hourly         ,$0.00 ,
1566,2022-06-22 09:51:00,C13472852699,0,,Hourly         ,$0.00 ,2022-06-22 09:53:00
1567,2022-06-22 09:51:00,C13474806976,1.11E+15,,Hourly         ,$7.76 ,2022-06-22 12:39:00
1568,2022-06-22 09:51:00,C13566289054,0,,Season         ,$0.00 ,2022-06-22 23:26:00
1570,2022-06-22 09:56:00,C13468197966,0,,Hourly         ,$0.00 ,2022-06-22 09:56:00
1572,2022-06-22 10:07:00,C13471487679,0,,Season         ,$0.00 ,2022-06-22 15:13:00
1573,2022-06-22 10:38:00,C13473105322,1.11E+15,,Hourly         ,$4.28 ,2022-06-22 12:07:00
1574,2022-06-22 10:38:00,C13565949559,1.11E+15,,Hourly         ,$5.23 ,2022-06-22 12:26:00
1575,2022-06-22 10:40:00,C13566513884,0,,Hourly         ,$0.00 ,2022-06-22 10:42:00
1577,2022-06-22 10:47:00,C13388825351,1.11E+15,,Hourly         ,$0.87 ,2022-06-22 11:06:00
1580,2022-06-22 11:16:00,C13473435983,1.11E+15,,Hourly         ,$3.90 ,2022-06-22 12:33:00
1581,2022-06-22 11:37:00,C13471574874,0,,Season         ,$0.00 ,2022-06-22 17:16:00
1582,2022-06-22 11:39:00,C13388320188,0,,Hourly         ,$0.00 ,2022-06-22 11:42:00
1588,2022-06-22 12:47:00,C13388628631,1.11E+15,,Hourly         ,$1.05 ,2022-06-22 13:08:00
1589,2022-06-22 13:05:00,C13471008784,0,,Hourly         ,$0.00 ,2022-06-22 13:06:00
1593,2022-06-22 14:06:00,C13473095737,0,,Season         ,$0.00 ,2022-06-22 23:26:00
1594,2022-06-22 14:16:00,C13471954827,0,,Hourly         ,$0.00 ,2022-06-22 14:17:00
1596,2022-06-22 14:29:00,C13473222629,0,,Hourly         ,$0.00 ,2022-06-22 14:29:00
1598,2022-06-22 14:49:00,C13388770663,0,,Hourly         ,$0.00 ,2022-06-22 14:49:00
1602,2022-06-22 15:27:00,C13565806429,1.11E+15,,Hourly         ,$2.84 ,2022-06-22 16:37:00
1603,2022-06-22 16:35:00,C13475093234,0,,Hourly         ,$0.00 ,2022-06-22 16:42:00
1609,2022-06-22 17:37:00,C13474539214,0,,               ,$0.00 ,2022-06-22 17:43:00
1612,2022-06-22 18:03:00,C13475083243,1.11E+15,,Hourly         ,$3.00 ,2022-06-22 21:45:00
1613,2022-06-22 18:40:00,C13474727090,1.11E+15,,Hourly         ,$3.00 ,2022-06-22 22:08:00
1614,2022-06-22 18:43:00,C13470238605,1.11E+15,,Hourly         ,$3.00 ,2022-06-22 21:48:00
1615,2022-06-22 18:50:00,C13474793594,1.11E+15,,Hourly         ,$3.00 ,2022-06-22 22:02:00
1616,2022-06-22 18:53:00,C13565986494,1.11E+15,,Hourly         ,$3.00 ,2022-06-22 22:04:00
1617,2022-06-22 18:53:00,C13566177343,1.11E+15,,Hourly         ,$3.00 ,2022-06-22 21:44:00
1618,2022-06-22 19:00:00,C13473092725,1.11E+15,,Hourly         ,$3.00 ,2022-06-22 22:04:00
1619,2022-06-22 19:17:00,C13471185679,1.11E+15,,Hourly         ,$3.00 ,2022-06-22 22:30:00
1620,2022-06-22 20:59:00,C13396316004,0,,Hourly         ,$0.00 ,2022-06-22 21:01:00
1622,2022-06-22 21:37:00,C13474058067,0,,Hourly         ,$0.00 ,2022-06-22 21:39:00
1631,2022-06-22 22:18:00,C13475542382,0,,Hourly         ,$0.00 ,2022-06-22 22:20:00
1637,2022-06-23 07:53:00,C13471481483,0,,Season         ,$0.00 ,2022-06-23 17:36:00
1638,2022-06-23 07:58:00,C13474058067,0,,Hourly         ,$0.00 ,2022-06-23 07:58:00
1640,2022-06-23 08:35:00,C13474433811,1.11E+15,,Hourly         ,$21.64 ,2022-06-23 16:50:00
1641,2022-06-23 08:37:00,C13474676116,0,,Hourly         ,$0.00 ,2022-06-23 08:38:00
1643,2022-06-23 08:41:00,C13474341131,0,,Hourly         ,$0.00 ,2022-06-23 08:48:00
1645,2022-06-23 08:45:00,C13467917350,1.11E+15,,Hourly         ,$21.24 ,2022-06-23 16:50:00
1644,2022-06-23 08:45:00,C13475629551,1.11E+15,,Hourly         ,$22.00 ,2022-06-23 17:09:00
1647,2022-06-23 08:50:00,C13472230526,0,,Hourly         ,$0.00 ,2022-06-23 08:51:00
1649,2022-06-23 08:54:00,C13474298858,0,,Hourly         ,$0.00 ,2022-06-23 08:54:00
1651,2022-06-23 09:35:00,C13472687211,0,,Season         ,$0.00 ,2022-06-23 18:07:00
1653,2022-06-23 09:45:00,C13566289054,0,,Season         ,$0.00 ,2022-06-23 20:09:00
1652,2022-06-23 09:45:00,C13374300805,1.11E+15,,Hourly         ,$5.50 ,2022-06-23 11:49:00
1654,2022-06-23 10:24:00,C13474032318,1.00E+15,,Hourly         ,$1.64 ,2022-06-23 11:03:00
1655,2022-06-23 10:26:00,C13473219601,1.11E+15,,Hourly         ,$0.76 ,2022-06-23 10:44:00
1656,2022-06-23 10:40:00,C13472078830,1.11E+15,,Hourly         ,$2.20 ,2022-06-23 11:27:00
1658,2022-06-23 10:49:00,C13475581304,1.11E+15,,Hourly         ,$2.29 ,2022-06-23 11:36:00
1659,2022-06-23 11:02:00,C13471574874,0,,Season         ,$0.00 ,2022-06-23 13:50:00
1661,2022-06-23 11:23:00,C13474022903,0,,Season         ,$0.00 ,2022-06-23 15:30:00
1665,2022-06-23 13:04:00,C13565716792,1.11E+15,,Hourly         ,$9.64 ,2022-06-23 16:50:00
1666,2022-06-23 13:17:00,C13474400977,0,,Hourly         ,$0.00 ,2022-06-23 13:17:00
1668,2022-06-23 13:40:00,C13473885442,1.11E+15,,Hourly         ,$6.24 ,2022-06-23 16:10:00
1670,2022-06-23 14:11:00,C13473095737,0,,Season         ,$0.00 ,2022-06-23 22:20:00
1672,2022-06-23 15:32:00,C13471574874,0,,Season         ,$0.00 ,2022-06-23 16:37:00
1673,2022-06-23 15:34:00,C13474782423,0,,Hourly         ,$0.00 ,2022-06-23 15:41:00
1676,2022-06-23 16:16:00,C13475618497,0,,Hourly         ,$0.00 ,2022-06-23 16:16:00
1684,2022-06-23 17:47:00,C13471854441,1.11E+15,,Hourly         ,$3.52 ,2022-06-23 22:25:00
1686,2022-06-23 18:13:00,C13470357883,1.11E+15,,Hourly         ,$3.00 ,2022-06-23 21:02:00
1687,2022-06-23 18:20:00,C13472081899,0,,Hourly         ,$0.00 ,2022-06-23 18:21:00
1689,2022-06-23 18:30:00,C13396270878,0,,Hourly         ,$0.00 ,2022-06-23 18:30:00
1690,2022-06-23 18:30:00,C13471538119,1.11E+15,,Hourly         ,$3.00 ,2022-06-23 22:09:00
1692,2022-06-23 18:30:00,C13472081899,1.11E+15,,Hourly         ,$3.00 ,2022-06-23 20:21:00
1693,2022-06-23 18:31:00,C13565750602,0,,Hourly         ,$0.00 ,2022-06-23 18:31:00
1695,2022-06-23 18:34:00,C13473676737,0,,Hourly         ,$0.00 ,2022-06-23 18:34:00
1697,2022-06-23 18:45:00,C13470992289,1.11E+15,,Hourly         ,$3.00 ,2022-06-23 22:38:00
1698,2022-06-23 18:56:00,C13566285566,1.01E+15,,Hourly         ,$3.00 ,2022-06-23 22:26:00
1699,2022-06-23 18:56:00,C13469036654,1.11E+15,,Hourly         ,$3.00 ,2022-06-23 21:19:00
1700,2022-06-23 18:58:00,C13565972882,1.11E+15,,Hourly         ,$3.00 ,2022-06-23 22:07:00
1701,2022-06-23 18:58:00,C13469845757,1.11E+15,,Hourly         ,$3.00 ,2022-06-23 20:40:00
1702,2022-06-23 19:06:00,C13473021098,0,,Hourly         ,$0.00 ,2022-06-23 19:08:00
1709,2022-06-23 21:20:00,C13474058067,0,,Hourly         ,$0.00 ,2022-06-23 21:21:00
1711,2022-06-23 21:22:00,C13471158076,0,,Hourly         ,$0.00 ,2022-06-23 21:22:00
1719,2022-06-24 08:13:00,C13474058067,0,,Hourly         ,$0.00 ,2022-06-24 08:14:00
1720,2022-06-24 08:13:00,C13471481483,0,,Season         ,$0.00 ,2022-06-24 17:53:00
1722,2022-06-24 08:54:00,C13471225255,1.11E+15,,Hourly         ,$21.68 ,2022-06-24 17:10:00
1723,2022-06-24 09:09:00,C13388567193,1.11E+15,,Hourly         ,$3.68 ,2022-06-24 10:40:00
1724,2022-06-24 09:37:00,C13471487679,0,,Season         ,$0.00 ,2022-06-24 16:58:00
1725,2022-06-24 09:39:00,C13473110889,1.11E+15,,Hourly         ,$1.96 ,2022-06-24 10:28:00
1726,2022-06-24 09:39:00,C13566289054,0,,Season         ,$0.00 ,2022-06-24 18:13:00
1727,2022-06-24 09:39:00,C13472687211,0,,Season         ,$0.00 ,2022-06-24 18:55:00
1728,2022-06-24 09:41:00,C13474053108,1.11E+15,,Hourly         ,$2.40 ,2022-06-24 10:41:00
1729,2022-06-24 09:46:00,C13374300805,1.11E+15,,Hourly         ,$5.11 ,2022-06-24 11:42:00
1730,2022-06-24 09:46:00,C13468784952,1.11E+15,,Hourly         ,$3.21 ,2022-06-24 11:04:00
1731,2022-06-24 09:57:00,C13475023788,1.00E+15,,Hourly         ,$2.67 ,2022-06-24 11:02:00
1732,2022-06-24 09:58:00,C13474726043,1.11E+15,,Hourly         ,$1.36 ,2022-06-24 10:32:00
1733,2022-06-24 10:08:00,C13472467210,1.11E+15,,Hourly         ,$2.73 ,2022-06-24 11:12:00
1734,2022-06-24 10:17:00,C13566081683,1.11E+15,,Hourly         ,$2.12 ,2022-06-24 11:07:00
1739,2022-06-24 10:47:00,C13473885442,1.11E+15,,Hourly         ,$3.12 ,2022-06-24 11:51:00
1742,2022-06-24 11:05:00,C13472320202,0,,Hourly         ,$0.00 ,2022-06-24 11:06:00
1746,2022-06-24 11:19:00,C13474860726,1.11E+15,,Hourly         ,$1.10 ,2022-06-24 11:41:00
1747,2022-06-24 11:19:00,C13474965352,0,,Hourly         ,$0.00 ,2022-06-24 11:20:00
1752,2022-06-24 12:07:00,C13469301536,1.11E+15,,Hourly         ,$0.60 ,2022-06-24 12:19:00
1754,2022-06-24 12:19:00,C13388956437,1.11E+15,,Hourly         ,$3.50 ,2022-06-24 13:29:00
1755,2022-06-24 12:52:00,C13469393606,0,,Hourly         ,$0.00 ,2022-06-24 12:53:00
1756,2022-06-24 12:52:00,C13470689515,0,,Season         ,$0.00 ,2022-06-24 17:47:00
1758,2022-06-24 13:07:00,C13474802619,0,,Hourly         ,$0.00 ,2022-06-24 13:08:00
1761,2022-06-24 13:32:00,C13472623002,0,,Hourly         ,$0.00 ,2022-06-24 13:32:00
1763,2022-06-24 14:45:00,C13473095737,0,,Season         ,$0.00 ,2022-06-24 18:12:00
1764,2022-06-24 15:14:00,C13475110303,1.11E+15,,Hourly         ,$9.64 ,2022-06-24 19:12:00
1765,2022-06-24 16:25:00,C13473710534,0,,Hourly         ,$0.00 ,2022-06-24 16:25:00
1773,2022-06-24 18:43:00,C13566500122,1.11E+15,,Hourly         ,$3.00 ,2022-06-24 22:31:00
1774,2022-06-24 18:47:00,C13566285566,1.01E+15,,Hourly         ,$3.00 ,2022-06-24 21:39:00
1775,2022-06-24 18:54:00,C13472193623,1.11E+15,,Hourly         ,$3.00 ,2022-06-24 22:23:00
1777,2022-06-24 18:57:00,C13470726427,0,,Hourly         ,$0.00 ,2022-06-24 18:57:00
1779,2022-06-24 19:02:00,C13473122902,0,,Hourly         ,$0.00 ,2022-06-24 19:02:00
1782,2022-06-24 19:56:00,C13474437485,1.11E+15,,Hourly         ,$3.00 ,2022-06-24 23:50:00
1783,2022-06-24 21:07:00,C13471158076,0,,Hourly         ,$0.00 ,2022-06-24 21:09:00
1785,2022-06-24 21:10:00,C13475483568,0,,Hourly         ,$0.00 ,2022-06-24 21:13:00
1787,2022-06-24 21:13:00,C13061278616,0,,Hourly         ,$0.00 ,2022-06-24 21:16:00
1789,2022-06-24 21:21:00,C13471470587,0,,Hourly         ,$0.00 ,2022-06-24 21:28:00
1790,2022-06-24 21:27:00,C13565785136,1.11E+15,,Hourly         ,$3.00 ,2022-06-24 21:49:00
1793,2022-06-24 21:47:00,C13474058067,0,,Hourly         ,$0.00 ,2022-06-24 21:48:00
1797,2022-06-24 22:28:00,C13470726427,0,,Hourly         ,$0.00 ,2022-06-24 22:29:00
1800,2022-06-24 22:35:00,C13475483568,1.11E+15,,Hourly         ,$3.00 ,2022-06-24 23:04:00
1801,2022-06-24 22:45:00,C13472687774,8.01E+15,,Hourly         ,$3.00 ,2022-06-24 22:58:00
1805,2022-06-25 08:04:00,C13474545337,1.11E+15,,Hourly         ,$7.64 ,2022-06-25 11:14:00
1806,2022-06-25 08:49:00,C13474058067,0,,Hourly         ,$0.00 ,2022-06-25 08:51:00
1808,2022-06-25 09:05:00,C13470645165,1.11E+15,,Hourly         ,$0.48 ,2022-06-25 09:16:00
1810,2022-06-25 09:17:00,C13472230526,0,,Hourly         ,$0.00 ,2022-06-25 09:18:00
1812,2022-06-25 09:34:00,C13374300805,1.11E+15,,Hourly         ,$2.80 ,2022-06-25 10:43:00
1813,2022-06-25 09:36:00,C13474852236,0,,Hourly         ,$0.00 ,2022-06-25 09:37:00
1815,2022-06-25 09:38:00,C13473970954,1.11E+15,,Hourly         ,$12.12 ,2022-06-25 14:40:00
1816,2022-06-25 10:06:00,C13474197292,1.11E+15,,Hourly         ,$10.96 ,2022-06-25 14:40:00
1817,2022-06-25 10:12:00,C13566028281,0,,Hourly         ,$0.00 ,2022-06-25 10:13:00
1819,2022-06-25 10:19:00,C13566531317,0,,Hourly         ,$0.00 ,2022-06-25 10:27:00
1821,2022-06-25 10:29:00,C13388246978,1.11E+15,,Hourly         ,$2.64 ,2022-06-25 11:35:00
1823,2022-06-25 11:13:00,C13474400959,1.11E+15,,Hourly         ,$9.44 ,2022-06-25 15:08:00
1826,2022-06-25 11:36:00,C13475337387,0,,Hourly         ,$0.00 ,2022-06-25 11:37:00
1828,2022-06-25 12:02:00,C13566285566,0,,Hourly         ,$0.00 ,2022-06-25 12:02:00
1830,2022-06-25 12:08:00,C13389051203,0,,Hourly         ,$0.00 ,2022-06-25 12:16:00
1832,2022-06-25 12:58:00,C13473539982,1.01E+15,,Hourly         ,$3.00 ,2022-06-25 14:12:00
1833,2022-06-25 13:13:00,C13565839916,1.11E+15,,Hourly         ,$1.00 ,2022-06-25 13:38:00
1837,2022-06-25 13:57:00,C13566094024,0,,Hourly         ,$0.00 ,
1836,2022-06-25 13:57:00,C13474366806,0,,Hourly         ,$0.00 ,
1835,2022-06-25 13:57:00,C13566082566,0,,Hourly         ,$0.00 ,2022-06-25 13:58:00
1842,2022-06-25 14:32:00,C13565687597,0,,Hourly         ,$0.00 ,2022-06-25 14:35:00
1846,2022-06-25 14:46:00,C13469129466,0,,Hourly         ,$0.00 ,2022-06-25 18:27:00
1849,2022-06-25 15:10:00,C13473883678,0,,Hourly         ,$0.00 ,2022-06-25 15:11:00
1851,2022-06-25 15:18:00,C13472523903,0,,Hourly         ,$0.00 ,2022-06-25 15:19:00
1853,2022-06-25 15:33:00,C13473129446,0,,Hourly         ,$0.00 ,2022-06-25 15:34:00
1855,2022-06-25 17:35:00,C13474242652,0,,Hourly         ,$0.00 ,2022-06-25 17:36:00
1857,2022-06-25 17:40:00,C13473164732,0,,Hourly         ,$0.00 ,2022-06-25 17:40:00
1859,2022-06-25 18:26:00,C13469129466,0,,Hourly         ,$0.00 ,2022-06-25 18:27:00
1861,2022-06-25 19:14:00,C13475129387,0,,Hourly         ,$0.00 ,2022-06-25 19:16:00
1863,2022-06-25 21:01:00,C13474058067,0,,Hourly         ,$0.00 ,2022-06-25 21:02:00
1865,2022-06-25 21:21:00,C13471158076,0,,Hourly         ,$0.00 ,2022-06-25 21:22:00
1867,2022-06-26 08:42:00,C13396290998,0,,Hourly         ,$0.00 ,2022-06-26 08:42:00
1869,2022-06-26 09:18:00,C13473639197,1.11E+15,,Hourly         ,$7.24 ,2022-06-26 12:19:00
1870,2022-06-26 09:18:00,C13474927253,1.11E+15,,Hourly         ,$3.64 ,2022-06-26 10:49:00
1871,2022-06-26 09:19:00,C13469215604,1.11E+15,,Hourly         ,$3.92 ,2022-06-26 10:57:00
1872,2022-06-26 09:20:00,C13566060225,1.11E+15,,Hourly         ,$4.60 ,2022-06-26 11:15:00
1873,2022-06-26 09:22:00,C13472320359,1.11E+15,,Hourly         ,$3.80 ,2022-06-26 10:57:00
1874,2022-06-26 09:23:00,C13566082566,0,,Hourly         ,$0.00 ,2022-06-26 09:23:00
1876,2022-06-26 09:30:00,C13566389630,0,,Hourly         ,$0.00 ,2022-06-26 09:32:00
1878,2022-06-26 09:38:00,C13474134807,1.11E+15,,Hourly         ,$2.64 ,2022-06-26 10:43:00
1879,2022-06-26 09:43:00,C13471133747,1.11E+15,,Hourly         ,$3.80 ,2022-06-26 11:18:00
1880,2022-06-26 09:44:00,C13468925568,0,,Hourly         ,$0.00 ,
1882,2022-06-26 09:58:00,C13469405213,1.11E+15,,Hourly         ,$2.52 ,2022-06-26 11:00:00
1883,2022-06-26 10:11:00,C13472863986,1.11E+15,,Hourly         ,$10.40 ,2022-06-26 14:31:00
1884,2022-06-26 10:36:00,C13472354540,0,,Hourly         ,$0.00 ,2022-06-26 10:36:00
1893,2022-06-26 11:32:00,C13566382114,1.11E+15,,Hourly         ,$0.56 ,2022-06-26 11:46:00
1896,2022-06-26 12:43:00,C13566013670,1.11E+15,,Hourly         ,$3.72 ,2022-06-26 14:16:00
1898,2022-06-26 14:25:00,C13471325071,0,,Hourly         ,$0.00 ,2022-06-26 14:26:00
1900,2022-06-26 14:26:00,C13473578248,0,,Hourly         ,$0.00 ,2022-06-26 14:26:00
1903,2022-06-26 16:41:00,C13473593953,0,,Hourly         ,$0.00 ,2022-06-26 16:41:00
1905,2022-06-26 17:33:00,C13060200173,0,,Hourly         ,$0.00 ,2022-06-26 17:38:00
1907,2022-06-26 18:15:00,C13475347625,1.11E+15,,Hourly         ,$3.00 ,2022-06-26 18:27:00
1909,2022-06-26 18:30:00,C13566013670,0,,Hourly         ,$0.00 ,2022-06-26 18:32:00
1911,2022-06-26 19:51:00,C13472354540,0,,Hourly         ,$0.00 ,2022-06-26 19:51:00
1913,2022-06-26 22:38:00,C13470846621,0,,Hourly         ,$0.00 ,2022-06-26 22:38:00
1915,2022-06-26 22:39:00,C13472446173,0,,Hourly         ,$0.00 ,2022-06-26 22:40:00
1917,2022-06-26 22:40:00,C13566389630,0,,Hourly         ,$0.00 ,2022-06-26 22:41:00
1919,2022-06-26 22:58:00,C13475206861,1.11E+15,,Hourly         ,$3.00 ,2022-06-26 23:17:00
1920,2022-06-26 23:15:00,C13473318488,0,,Hourly         ,$0.00 ,2022-06-26 23:16:00
1923,2022-06-26 23:39:00,C13566082566,0,,Hourly         ,$0.00 ,2022-06-26 23:39:00
1925,2022-06-27 07:34:00,C13470689515,0,,Season         ,$0.00 ,2022-06-27 17:56:00
1926,2022-06-27 07:36:00,C13472695957,1.11E+15,,Hourly         ,$24.80 ,2022-06-27 17:10:00
1927,2022-06-27 08:12:00,C13470877311,1.11E+15,,Hourly         ,$23.04 ,2022-06-27 17:02:00
1928,2022-06-27 08:23:00,C13474368656,1.11E+15,,Hourly         ,$22.80 ,2022-06-27 17:07:00
1929,2022-06-27 08:43:00,C13466362794,0,,               ,$0.00 ,2022-06-27 18:12:00
1930,2022-06-27 08:58:00,C13388578670,1.11E+15,,Hourly         ,$0.96 ,2022-06-27 09:21:00
1931,2022-06-27 09:12:00,C13472687211,0,,Season         ,$0.00 ,2022-06-27 18:35:00
1933,2022-06-27 09:29:00,C13388290709,0,,Hourly         ,$0.00 ,2022-06-27 09:34:00
1934,2022-06-27 09:34:00,C13475142223,0,,Hourly         ,$0.00 ,2022-06-27 09:35:00
1937,2022-06-27 09:45:00,C13474474229,1.11E+15,,Hourly         ,$5.65 ,2022-06-27 11:52:00
1938,2022-06-27 09:50:00,C13469945810,1.11E+15,,Hourly         ,$1.92 ,2022-06-27 10:37:00
1939,2022-06-27 09:51:00,C13470848848,1.11E+15,,Hourly         ,$1.56 ,2022-06-27 10:30:00
1940,2022-06-27 10:00:00,C13566452521,0,,Hourly         ,$0.00 ,2022-06-27 10:01:00
1941,2022-06-27 10:01:00,C13473942541,0,,Hourly         ,$0.00 ,2022-06-27 10:02:00
1944,2022-06-27 10:07:00,C13472017073,1.11E+15,,               ,$7.43 ,2022-06-27 13:49:00
1945,2022-06-27 10:21:00,C13389058043,1.11E+15,,Hourly         ,$2.31 ,2022-06-27 11:14:00
1949,2022-06-27 11:24:00,C13473732778,1.11E+15,,Hourly         ,$1.15 ,2022-06-27 11:46:00
1950,2022-06-27 11:25:00,C13388817918,1.11E+15,,Hourly         ,$1.75 ,2022-06-27 12:00:00
1951,2022-06-27 11:35:00,C13473388874,1.11E+15,,Hourly         ,$1.30 ,2022-06-27 12:01:00
1953,2022-06-27 11:50:00,C13388290709,0,,Hourly         ,$0.00 ,2022-06-27 11:56:00
1954,2022-06-27 11:50:00,C13474710286,0,,Season         ,$0.00 ,2022-06-27 13:06:00
1959,2022-06-27 12:36:00,C13472642333,0,,Hourly         ,$0.00 ,2022-06-27 12:37:00
1961,2022-06-27 12:41:00,C13472774151,0,,Hourly         ,$0.00 ,2022-06-27 12:42:00
1964,2022-06-27 13:48:00,C13470143226,1.11E+15,,Hourly         ,$5.88 ,2022-06-27 16:11:00
1966,2022-06-27 13:50:00,C13473885442,1.11E+15,,Hourly         ,$2.62 ,2022-06-27 14:52:00
1967,2022-06-27 14:19:00,C13473898578,1.11E+15,,Hourly         ,$7.36 ,2022-06-27 17:22:00
1968,2022-06-27 14:24:00,C13474601880,1.11E+15,,Hourly         ,$4.32 ,2022-06-27 16:11:00
1969,2022-06-27 14:24:00,C13473420918,0,,Hourly         ,$0.00 ,2022-06-27 14:25:00
1972,2022-06-27 15:19:00,C13388956437,1.11E+15,,Hourly         ,$2.20 ,2022-06-27 16:13:00
1973,2022-06-27 15:27:00,C13474710286,0,,Season         ,$0.00 ,2022-06-27 16:27:00
1974,2022-06-27 15:44:00,C13475269761,0,,Hourly         ,$0.00 ,2022-06-27 15:44:00
1986,2022-06-27 17:59:00,C13471700785,1.11E+15,,Hourly         ,$3.04 ,2022-06-27 18:13:00
1990,2022-06-27 18:42:00,C13473697532,1.11E+15,,Hourly         ,$3.00 ,2022-06-27 18:55:00
1991,2022-06-27 18:44:00,C13474460634,0,,Hourly         ,$0.00 ,2022-06-27 18:44:00
1994,2022-06-27 19:03:00,C13566594008,0,,Hourly         ,$0.00 ,2022-06-27 19:04:00
1996,2022-06-28 07:28:00,C13472695957,1.11E+15,,Hourly         ,$23.92 ,2022-06-28 16:40:00
1997,2022-06-28 07:40:00,C13470689515,0,,Season         ,$0.00 ,2022-06-28 17:59:00
1998,2022-06-28 07:41:00,C13470877311,1.11E+15,,Hourly         ,$23.24 ,2022-06-28 16:36:00
1999,2022-06-28 07:44:00,C13472532988,0,,Hourly         ,$0.00 ,2022-06-28 07:52:00
2001,2022-06-28 08:04:00,C13474368656,1.11E+15,,Hourly         ,$22.36 ,2022-06-28 16:37:00
2002,2022-06-28 08:11:00,C13474601064,0,,Season         ,$0.00 ,2022-06-28 17:29:00
2003,2022-06-28 08:36:00,C13473141019,1.11E+15,,               ,$15.45 ,2022-06-28 17:02:00
2004,2022-06-28 09:17:00,C13471574874,0,,Season         ,$0.00 ,2022-06-28 15:14:00
2005,2022-06-28 09:26:00,C13472687211,0,,Season         ,$0.00 ,2022-06-28 19:59:00
2006,2022-06-28 09:41:00,C13388290709,0,,Hourly         ,$0.00 ,2022-06-28 09:46:00
2007,2022-06-28 09:45:00,C13470750004,1.11E+15,,Hourly         ,$4.95 ,2022-06-28 11:38:00
2009,2022-06-28 09:55:00,C13374300805,1.11E+15,,Hourly         ,$12.24 ,2022-06-28 14:15:00
2010,2022-06-28 09:55:00,C13474063256,0,,Hourly         ,$0.00 ,2022-06-28 09:56:00
2012,2022-06-28 10:02:00,C13475450196,1.11E+15,,Hourly         ,$1.28 ,2022-06-28 10:33:00
2014,2022-06-28 10:40:00,C13389023846,1.11E+15,,Hourly         ,$0.48 ,2022-06-28 10:51:00
2015,2022-06-28 10:43:00,C13474802619,0,,Hourly         ,$0.00 ,2022-06-28 10:44:00
2018,2022-06-28 11:09:00,C13389023846,1.11E+15,,Hourly         ,$3.65 ,2022-06-28 12:21:00
2019,2022-06-28 11:21:00,C13474710286,0,,Season         ,$0.00 ,2022-06-28 15:07:00
2020,2022-06-28 11:29:00,C13388290709,0,,Hourly         ,$0.00 ,2022-06-28 11:36:00
2023,2022-06-28 12:12:00,C13469612519,0,,Hourly         ,$0.00 ,2022-06-28 12:13:00
2025,2022-06-28 12:14:00,C13472017073,1.11E+15,,               ,$6.31 ,2022-06-28 15:32:00
2031,2022-06-28 15:45:00,C13470674255,0,,Hourly         ,$0.00 ,2022-06-28 15:47:00
2033,2022-06-28 15:55:00,C13565839916,1.11E+15,,Hourly         ,$3.32 ,2022-06-28 17:17:00
2034,2022-06-28 16:14:00,C13471574874,0,,Season         ,$0.00 ,2022-06-28 21:09:00
2041,2022-06-28 17:31:00,C13473091297,0,,Hourly         ,$0.00 ,2022-06-28 17:32:00
2044,2022-06-28 18:10:00,C13470357883,1.11E+15,,Hourly         ,$3.00 ,2022-06-28 21:35:00
2045,2022-06-28 19:08:00,C13469036654,1.11E+15,,Hourly         ,$3.00 ,2022-06-28 21:24:00
2050,2022-06-29 07:19:00,C13470689515,0,,Season         ,$0.00 ,2022-06-29 14:20:00
2051,2022-06-29 07:23:00,C13474727090,1.11E+15,,Hourly         ,$9.33 ,2022-06-29 11:12:00
2052,2022-06-29 07:25:00,C13471352735,0,,Season         ,$0.00 ,2022-06-29 15:52:00
2053,2022-06-29 07:58:00,C13474793594,1.11E+15,,Hourly         ,$6.24 ,2022-06-29 10:34:00
2054,2022-06-29 08:00:00,C13471481483,0,,Season         ,$0.00 ,2022-06-29 17:24:00
2055,2022-06-29 08:02:00,C13473247520,0,,Hourly         ,$0.00 ,2022-06-29 08:03:00
2057,2022-06-29 08:05:00,C13472230526,0,,Hourly         ,$0.00 ,2022-06-29 08:05:00
2058,2022-06-29 08:05:00,C13565986494,1.11E+15,,Hourly         ,$6.16 ,2022-06-29 10:38:00
2059,2022-06-29 08:05:00,C13473041237,0,,Hourly         ,$0.00 ,2022-06-29 08:05:00
2062,2022-06-29 09:03:00,C13475650086,1.11E+15,,Hourly         ,$15.20 ,2022-06-29 14:37:00
2063,2022-06-29 09:11:00,C13473158652,0,,Hourly         ,$0.00 ,2022-06-29 09:12:00
2065,2022-06-29 09:18:00,C13471487679,0,,Season         ,$0.00 ,2022-06-29 15:11:00
2066,2022-06-29 09:26:00,C13388290709,0,,Hourly         ,$0.00 ,2022-06-29 09:31:00
2067,2022-06-29 09:31:00,C13472035669,                ,,Hourly         ,$20.60 ,2022-06-29 17:20:00
2069,2022-06-29 09:35:00,C13472687211,0,,Season         ,$0.00 ,2022-06-29 21:31:00
2070,2022-06-29 09:36:00,C13467671129,0,,Hourly         ,$0.00 ,2022-06-29 09:36:00
2072,2022-06-29 10:04:00,C13472017073,1.11E+15,,               ,$7.66 ,2022-06-29 13:53:00
2073,2022-06-29 10:04:00,C13471574874,0,,Season         ,$0.00 ,2022-06-29 15:22:00
2074,2022-06-29 10:07:00,C13472293877,0,,Hourly         ,$0.00 ,2022-06-29 10:07:00
2076,2022-06-29 10:18:00,C13565992499,1.11E+15,,Hourly         ,$4.43 ,2022-06-29 11:54:00
2077,2022-06-29 10:26:00,C13388451816,1.11E+15,,Hourly         ,$1.12 ,2022-06-29 10:54:00
2078,2022-06-29 10:28:00,C13565806429,1.11E+15,,Hourly         ,$15.44 ,2022-06-29 16:08:00
2080,2022-06-29 10:37:00,C13474022903,0,,Season         ,$0.00 ,2022-06-29 15:49:00
2084,2022-06-29 11:17:00,C13388451816,1.11E+15,,Hourly         ,$6.35 ,2022-06-29 13:24:00
2085,2022-06-29 11:35:00,C13472275801,1.11E+15,,Hourly         ,$5.15 ,2022-06-29 13:17:00
2086,2022-06-29 11:49:00,C13472395253,0,,Season         ,$0.00 ,2022-06-29 13:51:00
2087,2022-06-29 11:53:00,C13388290709,0,,Hourly         ,$0.00 ,2022-06-29 12:00:00
2089,2022-06-29 11:56:00,C13474369158,1.11E+15,,               ,$5.96 ,2022-06-29 14:57:00
2091,2022-06-29 12:38:00,C13388961897,1.11E+15,,Hourly         ,$7.14 ,2022-06-29 15:15:00
2093,2022-06-29 13:23:00,C13471555751,1.11E+15,,Hourly         ,$3.77 ,2022-06-29 14:47:00
2095,2022-06-29 13:36:00,C13474524323,0,,Hourly         ,$0.00 ,2022-06-29 13:36:00
2100,2022-06-29 14:22:00,C13388320188,1.11E+15,,Hourly         ,$0.56 ,2022-06-29 14:35:00
2101,2022-06-29 14:28:00,C13473435983,1.11E+15,,Hourly         ,$2.40 ,2022-06-29 15:28:00
2106,2022-06-29 14:57:00,C13475556713,0,,Hourly         ,$0.00 ,2022-06-29 14:58:00
2108,2022-06-29 15:02:00,C13388826909,0,,Hourly         ,$0.00 ,2022-06-29 15:08:00
2111,2022-06-29 15:12:00,C13474094655,1.11E+15,,Hourly         ,$0.76 ,2022-06-29 15:30:00
2112,2022-06-29 15:14:00,C13388256185,1.11E+15,,Hourly         ,$2.80 ,2022-06-29 16:24:00
2119,2022-06-29 16:07:00,C13472547517,0,,Hourly         ,$0.00 ,2022-06-29 16:08:00
2122,2022-06-29 16:12:00,C13566357143,0,,Hourly         ,$0.00 ,2022-06-29 17:44:00
2124,2022-06-29 17:03:00,C13469121429,0,,Hourly         ,$0.00 ,2022-06-29 17:04:00
2129,2022-06-29 17:54:00,C13895998639,1.11E+15,,Hourly         ,$3.24 ,2022-06-29 20:50:00
2130,2022-06-29 18:10:00,C13470238605,1.11E+15,,Hourly         ,$3.00 ,2022-06-29 21:56:00
2131,2022-06-29 18:15:00,C13566177343,1.11E+15,,Hourly         ,$3.00 ,2022-06-29 21:49:00
2132,2022-06-29 18:39:00,C13474039131,1.11E+15,,Hourly         ,$3.00 ,2022-06-29 21:48:00
2133,2022-06-29 18:46:00,C13475142223,0,,Hourly         ,$0.00 ,2022-06-29 18:46:00
2135,2022-06-29 18:51:00,C13475542382,1.11E+15,,Hourly         ,$3.00 ,2022-06-29 22:21:00
2136,2022-06-29 18:53:00,C13474472249,1.11E+15,,Hourly         ,$3.00 ,2022-06-29 22:07:00
2137,2022-06-29 19:01:00,C13471706387,0,,Hourly         ,$0.00 ,2022-06-29 19:06:00
2139,2022-06-29 19:10:00,C13473318488,0,,Hourly         ,$0.00 ,2022-06-29 19:11:00
2141,2022-06-29 19:37:00,C13475461524,1.11E+15,,Hourly         ,$3.00 ,2022-06-29 23:35:00
2148,2022-06-29 22:08:00,C13473835597,0,,Hourly         ,$0.00 ,2022-06-29 22:13:00
2152,2022-06-30 07:15:00,C111752345678789,1.11E+15,,Hourly         ,$0.00 ,2022-06-30 07:17:00
2154,2022-06-30 07:19:00,C13470689515,0,,Season         ,$0.00 ,2022-06-30 15:56:00
2155,2022-06-30 07:19:00,C13475577701,0,,Hourly         ,$0.00 ,2022-06-30 07:20:00
2157,2022-06-30 08:14:00,C13472532988,1.11E+15,,Hourly         ,$3.80 ,2022-06-30 09:48:00
2158,2022-06-30 08:17:00,C13565745974,0,,Hourly         ,$0.00 ,2022-06-30 08:18:00
2161,2022-06-30 08:52:00,C13388169979,1.11E+15,,Hourly         ,$2.00 ,2022-06-30 09:42:00
2160,2022-06-30 08:52:00,C13468149942,0,,Hourly         ,$0.00 ,2022-06-30 08:56:00
2163,2022-06-30 09:00:00,C13472035669,                ,,Hourly         ,$20.96 ,2022-06-30 16:58:00
2164,2022-06-30 09:01:00,C13566335751,1.11E+15,,Hourly         ,$11.21 ,2022-06-30 13:08:00
2165,2022-06-30 09:05:00,C13396310121,0,,Hourly         ,$0.00 ,2022-06-30 09:05:00
2167,2022-06-30 09:16:00,C13372680282,0,,Hourly         ,$0.00 ,
2169,2022-06-30 09:40:00,C13473318488,0,,Hourly         ,$0.00 ,2022-06-30 09:45:00
2171,2022-06-30 09:43:00,C13388290709,0,,Hourly         ,$0.00 ,2022-06-30 09:49:00
2175,2022-06-30 10:07:00,C13566266344,1.11E+15,,Hourly         ,$3.57 ,2022-06-30 11:28:00
2176,2022-06-30 10:07:00,C13472687211,0,,Season         ,$0.00 ,2022-06-30 20:02:00
2177,2022-06-30 10:09:00,C13388455026,1.11E+15,,Hourly         ,$1.32 ,2022-06-30 10:42:00
2178,2022-06-30 10:12:00,C13566087819,1.11E+15,,Hourly         ,$10.17 ,2022-06-30 13:44:00
2180,2022-06-30 10:43:00,C13474710286,0,,Season         ,$0.00 ,2022-06-30 16:34:00
2181,2022-06-30 10:45:00,C13566185047,1.11E+15,,Hourly         ,$11.16 ,2022-06-30 14:38:00
2182,2022-06-30 10:45:00,C13388343106,1.11E+15,,Hourly         ,$1.05 ,2022-06-30 11:08:00
2183,2022-06-30 10:47:00,C13475429472,1.11E+15,,Hourly         ,$4.52 ,2022-06-30 12:19:00
2186,2022-06-30 12:17:00,C13471574874,0,,Season         ,$0.00 ,2022-06-30 18:17:00
2188,2022-06-30 13:01:00,C13471917257,1.11E+15,,Hourly         ,$2.15 ,2022-06-30 13:43:00
2190,2022-06-30 13:19:00,C13565806429,1.11E+15,,Hourly         ,$0.65 ,2022-06-30 13:32:00
2191,2022-06-30 13:21:00,C13388290709,0,,Hourly         ,$0.00 ,2022-06-30 13:26:00
2192,2022-06-30 13:26:00,C13566112339,1.11E+15,,               ,$6.79 ,2022-06-30 17:19:00
2197,2022-06-30 14:21:00,C13374300805,1.11E+15,,Hourly         ,$3.96 ,2022-06-30 15:59:00
2198,2022-06-30 14:25:00,C13469679854,1.11E+15,,Hourly         ,$3.76 ,2022-06-30 15:59:00
2200,2022-06-30 15:04:00,C13566010129,0,,Hourly         ,$0.00 ,2022-06-30 15:13:00
2201,2022-06-30 15:09:00,C13472772864,1.00E+15,,Hourly         ,$0.56 ,2022-06-30 15:23:00
2207,2022-06-30 16:11:00,C13470791699,1.11E+15,,Hourly         ,$7.36 ,2022-06-30 18:42:00
2209,2022-06-30 16:38:00,C13388822505,1.11E+15,,Hourly         ,$0.60 ,2022-06-30 16:53:00
2212,2022-06-30 16:58:00,C13475277707,0,,Hourly         ,$0.00 ,2022-06-30 16:59:00
2214,2022-06-30 17:06:00,C13472820483,0,,Hourly         ,$0.00 ,2022-06-30 17:07:00
2216,2022-06-30 17:16:00,C13470846621,0,,Hourly         ,$0.00 ,2022-06-30 17:17:00
2218,2022-06-30 17:19:00,C13396376561,0,,Hourly         ,$0.00 ,2022-06-30 17:19:00
2221,2022-06-30 18:11:00,C13470357883,1.11E+15,,Hourly         ,$3.00 ,2022-06-30 21:52:00
2223,2022-06-30 18:26:00,C13566072733,1.11E+15,,Hourly         ,$3.00 ,2022-06-30 21:36:00
2225,2022-06-30 18:42:00,C13472029647,1.11E+15,,Hourly         ,$3.00 ,2022-06-30 21:44:00
2226,2022-06-30 18:52:00,C13566285566,1.01E+15,,Hourly         ,$3.00 ,2022-06-30 21:38:00
2227,2022-06-30 18:58:00,C13061228298,1.11E+15,,Hourly         ,$1.50 ,2022-06-30 21:47:00
2228,2022-06-30 19:05:00,C13469149307,1.11E+15,,Hourly         ,$3.00 ,2022-06-30 20:48:00
2229,2022-06-30 19:12:00,C13469036654,1.11E+15,,Hourly         ,$3.00 ,2022-06-30 22:00:00
2230,2022-06-30 19:45:00,C13471746763,0,,Hourly         ,$0.00 ,2022-06-30 19:45:00
2234,2022-06-30 21:07:00,C13467896784,1.11E+15,,Hourly         ,$3.00 ,2022-06-30 21:30:00
